YEAR;WEEK;START_DATE;MID_DATE;END_DATE;N_DEATH;TEMP_MIN_MIN;TEMP_MIN_MEAN;TEMP_MEAN_MIN;TEMP_MEAN_MEAN;TEMP_MEAN_MAX;TEMP_MAX_MEAN;TEMP_MAX_MAX
2010;1;2010-01-03;2010-01-06;2010-01-09;378;-16,67;-10,08;-13,93;-7,99;-5,27;-5,84;-4,33
2010;2;2010-01-10;2010-01-13;2010-01-16;367;-17,33;-8,97;-11,57;-5,7;1,2;-2,42;2,9
2010;3;2010-01-17;2010-01-20;2010-01-23;336;-15,67;-8,87;-9,8;-5,17;-0,73;-1,41;1,17
2010;4;2010-01-24;2010-01-27;2010-01-30;349;-20,7;-9,22;-17,63;-5,79;5,47;-2,32;8,93
2010;5;2010-01-31;2010-02-03;2010-02-06;380;-16,03;-14,77;-12,23;-10,63;-9,63;-6,42;-4,67
2010;6;2010-02-07;2010-02-10;2010-02-13;331;-12,9;-10,04;-9,87;-6,9;-3,93;-3,73;-0,1
2010;7;2010-02-14;2010-02-17;2010-02-20;391;-6,37;-4,79;-4,03;-2,59;-0,97;-0,35;1,43
2010;8;2010-02-21;2010-02-24;2010-02-27;340;-7,17;-2,05;-3,47;-0,02;2,6;2;4,63
2010;9;2010-02-28;2010-03-03;2010-03-06;366;-5,17;-2,69;-0,53;1,1;3,63;4,83;7,4
2010;10;2010-03-07;2010-03-10;2010-03-13;338;-6,03;-2,31;0,03;3,03;5,53;8,33;11,93
2010;11;2010-03-14;2010-03-17;2010-03-20;347;-1,1;1,38;3,23;6,68;9,8;11,95;15,7
2010;12;2010-03-21;2010-03-24;2010-03-27;344;-10,17;-3,54;-6,37;0,81;4,9;5,1;13,55
2010;13;2010-03-28;2010-03-31;2010-04-03;362;-3,9;2,25;2,3;8,08;18,73;13,9;26,1
2010;14;2010-04-04;2010-04-07;2010-04-10;308;2,53;6,06;6,17;9,97;14,1;13,81;19,37
2010;15;2010-04-11;2010-04-14;2010-04-17;330;0,1;2,06;5,2;7,05;9,5;12;17,97
2010;16;2010-04-18;2010-04-21;2010-04-24;339;0,97;3,85;5,23;9,8;12,9;15,67;19,87
2010;17;2010-04-25;2010-04-28;2010-05-01;415;0,25;3,91;3,9;9,63;14,2;15,3;19,73
2010;18;2010-05-02;2010-05-05;2010-05-08;289;3,5;8,53;7,8;13,94;19,17;19,32;26,33
2010;19;2010-05-09;2010-05-12;2010-05-15;307;-0,43;3,65;3,4;8,74;13,5;13,79;17,53
2010;20;2010-05-16;2010-05-19;2010-05-22;290;5,5;8,84;14,2;16,48;19,03;24,07;27,43
2010;21;2010-05-23;2010-05-26;2010-05-29;373;11,97;15,84;18,93;22,33;26,27;28,78;34,5
2010;22;2010-05-30;2010-06-02;2010-06-05;312;10,5;13,27;16,87;18,11;21,13;22,91;27,07
2010;23;2010-06-06;2010-06-09;2010-06-12;303;8,93;10,7;11,17;14,82;17,63;18,9;21,93
2010;24;2010-06-13;2010-06-16;2010-06-19;302;10,53;13,49;15,93;19,04;22,8;24,55;29,27
2010;25;2010-06-20;2010-06-23;2010-06-26;292;12,35;15,93;17,35;20,2;23,37;24,65;27,2
2010;26;2010-06-27;2010-06-30;2010-07-03;314;12,2;14,55;16,03;19,17;22,63;23,74;28,5
2010;27;2010-07-04;2010-07-07;2010-07-10;429;19,7;21,95;24,17;26,89;29,13;31,79;34,1
2010;28;2010-07-11;2010-07-14;2010-07-17;345;17,3;19,67;23,87;24,38;25,6;29,03;30,4
2010;29;2010-07-18;2010-07-21;2010-07-24;355;14,67;17,07;20,57;21,77;22,6;26,42;27,5
2010;30;2010-07-25;2010-07-28;2010-07-31;317;9,67;14,77;16;19,9;23,83;25;29,33
2010;31;2010-08-01;2010-08-04;2010-08-07;297;9,43;15,28;15,33;20,49;24,67;25,65;29,27
2010;32;2010-08-08;2010-08-11;2010-08-14;322;13,63;16,13;19,13;21,27;23,27;26,35;28,93
2010;33;2010-08-15;2010-08-18;2010-08-21;320;9,77;15,26;16,17;20,05;23,77;24,79;28,53
2010;34;2010-08-22;2010-08-25;2010-08-28;275;11,2;14,67;16,6;19,1;21,27;23,31;26,47
2010;35;2010-08-29;2010-09-01;2010-09-04;299;14,33;19,74;18,7;24,8;27,3;29,81;32,93
2010;36;2010-09-05;2010-09-08;2010-09-11;316;7,83;11,62;14,13;16,62;21,13;21,6;26,23
2010;37;2010-09-12;2010-09-15;2010-09-18;317;6,3;9,26;10,9;13,77;16,95;18,23;20,6
2010;38;2010-09-19;2010-09-22;2010-09-25;335;4,67;8,27;10,6;14;16,37;19,69;22,9
2010;39;2010-09-26;2010-09-29;2010-10-02;313;4,07;10,1;8,3;13,68;19,97;17,2;24,33
2010;40;2010-10-03;2010-10-06;2010-10-09;318;1,6;6;6,9;10,27;13,4;14,43;19,23
2010;41;2010-10-10;2010-10-13;2010-10-16;343;0,4;4,09;6,25;8,69;12,1;13,23;16,1
2010;42;2010-10-17;2010-10-20;2010-10-23;335;-1,45;1,19;3,55;6,16;8,75;11,07;14,55
2010;43;2010-10-24;2010-10-27;2010-10-30;360;0;4,46;2,4;7,94;15,05;11,37;19,8
2010;44;2010-10-31;2010-11-03;2010-11-06;338;-2,75;-0,3;1,4;2,73;3,95;5,71;7,2
2010;45;2010-11-07;2010-11-10;2010-11-13;333;-4,3;-2,06;0,85;2,96;5,15;7,93;11
2010;46;2010-11-14;2010-11-17;2010-11-20;347;-4,85;-0,22;-0,75;4,13;7,9;8,45;11,7
2010;47;2010-11-21;2010-11-24;2010-11-27;320;-9,05;-4,49;-6,15;-0,61;8,05;3,3;13,95
2010;48;2010-11-28;2010-12-01;2010-12-04;368;-5,4;-2,41;-3,05;1,26;6,7;4,91;12,6
2010;49;2010-12-05;2010-12-08;2010-12-11;323;-18,45;-9,66;-12,95;-6,99;-1,4;-4,25;0,9
2010;50;2010-12-12;2010-12-15;2010-12-18;355;-14,4;-11,06;-12,35;-7,68;-0,85;-4,24;3,7
2010;51;2010-12-19;2010-12-22;2010-12-25;374;-16;-10,63;-11,85;-7,13;-2,45;-3,57;-0,2
2010;52;2010-12-26;2010-12-29;2011-01-01;397;-14,35;-7,39;-11,65;-4,36;4,6;-1,32;7,3
2011;1;2011-01-02;2011-01-05;2011-01-08;391;-11,55;-8,18;-8,35;-5,04;2,5;-1,86;7,45
2011;2;2011-01-09;2011-01-12;2011-01-15;434;-15,2;-10,51;-11,55;-8,2;-5,5;-5,84;-2,45
2011;3;2011-01-16;2011-01-19;2011-01-22;398;-22,25;-16,11;-18,45;-12,29;-7,15;-8,41;-0,1
2011;4;2011-01-23;2011-01-26;2011-01-29;364;-27,9;-17,05;-22,4;-13,04;-4,6;-8,98;-1,85
2011;5;2011-01-30;2011-02-02;2011-02-05;367;-20,15;-14,41;-17,3;-11,11;-2,85;-7,74;0,95
2011;6;2011-02-06;2011-02-09;2011-02-12;381;-17,2;-10,77;-11,6;-6,75;0,4;-2,7;1,5
2011;7;2011-02-13;2011-02-16;2011-02-19;358;-17,5;-10,31;-13,6;-4,95;4,95;0,42;9,45
2011;8;2011-02-20;2011-02-23;2011-02-26;358;-17,15;-13,84;-12,15;-9,66;-5,45;-5,44;-1,9
2011;9;2011-02-27;2011-03-02;2011-03-05;373;-20,15;-11,27;-15,3;-6,19;3,55;-1,06;6,1
2011;10;2011-03-06;2011-03-09;2011-03-12;401;-18;-7,49;-11,25;-3,04;3,95;1,4;6,45
2011;11;2011-03-13;2011-03-16;2011-03-19;331;-7,6;-2,7;-2,1;1,02;5,05;4,73;10,7
2011;12;2011-03-20;2011-03-23;2011-03-26;316;-8,3;-5,84;-4,5;-2,14;1,4;1,61;4,75
2011;13;2011-03-27;2011-03-30;2011-04-02;395;-9,25;-3,44;-5,25;1,11;5,3;5,64;11,45
2011;14;2011-04-03;2011-04-06;2011-04-09;359;-4,85;-1,39;1,2;4,21;8,45;9,75;15,2
2011;15;2011-04-10;2011-04-13;2011-04-16;352;-4,55;1,24;-0,5;6,55;15,8;11,81;22,8
2011;16;2011-04-17;2011-04-20;2011-04-23;338;-1,95;0,33;3,15;4,47;7,8;8,56;12,25
2011;17;2011-04-24;2011-04-27;2011-04-30;329;2,2;5,72;9,2;11,01;16;16,24;23,5
2011;18;2011-05-01;2011-05-04;2011-05-07;322;3,5;5,78;5,8;10,01;13,7;14,19;20,75
2011;19;2011-05-08;2011-05-11;2011-05-14;317;5,3;7,2;11,35;12,91;16,55;18,61;25
2011;20;2011-05-15;2011-05-18;2011-05-21;300;5,6;9,65;6,7;13,58;19,5;17,44;23,9
2011;21;2011-05-22;2011-05-25;2011-05-28;280;9,05;10,41;10,9;15,25;18,45;20,04;23,5
2011;22;2011-05-29;2011-06-01;2011-06-04;305;7,3;12,86;13,75;18,28;22,95;23,63;29,2
2011;23;2011-06-05;2011-06-08;2011-06-11;337;11,9;14,89;17,15;20,41;25,55;25,88;31,45
2011;24;2011-06-12;2011-06-15;2011-06-18;309;10,7;13,66;13,3;18,85;23,5;24;30,05
2011;25;2011-06-19;2011-06-22;2011-06-25;261;10,6;13,67;17,45;18,84;20,45;23,94;27,2
2011;26;2011-06-26;2011-06-29;2011-07-02;295;13,2;15,35;17,25;20,21;23,35;25,01;29,15
2011;27;2011-07-03;2011-07-06;2011-07-09;290;13,6;16,53;19,05;22,13;25,4;27,66;30,55
2011;28;2011-07-10;2011-07-13;2011-07-16;298;12,5;16,07;19,2;22,06;25,25;28,17;30,65
2011;29;2011-07-17;2011-07-20;2011-07-23;335;17,65;20,54;23,1;26,06;30;31,54;35,8
2011;30;2011-07-24;2011-07-27;2011-07-30;304;13,6;16,15;20,1;21,66;23,4;27,28;29,7
2011;31;2011-07-31;2011-08-03;2011-08-06;278;13,55;15,81;19,6;21,84;23,85;27,81;30,85
2011;32;2011-08-07;2011-08-10;2011-08-13;312;15,15;17,15;19,15;22;25,15;26,81;29,55
2011;33;2011-08-14;2011-08-17;2011-08-20;306;10,45;15,92;17,95;21,36;23,25;26,76;29,3
2011;34;2011-08-21;2011-08-24;2011-08-27;285;11,85;15,28;17,15;19,47;21,35;23,62;26,6
2011;35;2011-08-28;2011-08-31;2011-09-03;308;12,8;14,91;16,8;19,76;24,6;24,58;29,55
2011;36;2011-09-04;2011-09-07;2011-09-10;284;9,1;13,31;14,2;17,75;23,35;22,15;27,9
2011;37;2011-09-11;2011-09-14;2011-09-17;315;4,65;10,06;10,05;14,97;21,2;19,84;25,95
2011;38;2011-09-18;2011-09-21;2011-09-24;321;3,9;11,11;11,6;16,43;20,85;21,71;24,3
2011;39;2011-09-25;2011-09-28;2011-10-01;307;6,5;11,34;8,35;16,19;18,6;21;25,3
2011;40;2011-10-02;2011-10-05;2011-10-08;334;1,05;6,34;6,9;10,92;17,2;15,46;24
2011;41;2011-10-09;2011-10-12;2011-10-15;317;5,8;9,9;11,7;14,71;19,55;19,48;24,5
2011;42;2011-10-16;2011-10-19;2011-10-22;327;4,1;7,19;7,2;10,04;11,9;12,86;14,7
2011;43;2011-10-23;2011-10-26;2011-10-29;327;-4,75;0,14;0,3;4,56;9,45;8,96;16,1
2011;44;2011-10-30;2011-11-02;2011-11-05;304;-3,55;-0,23;1,6;5,21;7,9;10,59;14,95
2011;45;2011-11-06;2011-11-09;2011-11-12;298;-2,6;2,58;4,35;7,35;10,45;12,06;15,45
2011;46;2011-11-13;2011-11-16;2011-11-19;339;-1,55;2,36;1,05;6,64;13,95;10,85;18,4
2011;47;2011-11-20;2011-11-23;2011-11-26;339;-8,9;-3,5;-4;0,79;6,7;5,07;12,85
2011;48;2011-11-27;2011-11-30;2011-12-03;345;-5,7;-1,36;-2,65;2,5;7,55;6,35;13,1
2011;49;2011-12-04;2011-12-07;2011-12-10;341;-4,95;-0,64;-2,35;1,85;7;4,32;9
2011;50;2011-12-11;2011-12-14;2011-12-17;334;-11,2;-3,01;-7,4;0,51;7;4,03;10,85
2011;51;2011-12-18;2011-12-21;2011-12-24;326;-18,3;-10,23;-16;-6,05;1,75;-1,82;5,5
2011;52;2011-12-25;2011-12-28;2011-12-31;349;-18,1;-12,22;-16;-7,63;0,55;-3,01;3,05
2012;1;2012-01-01;2012-01-04;2012-01-07;352;-18,1;-11,25;-13,3;-6,89;1,9;-2,49;5,55
2012;2;2012-01-08;2012-01-11;2012-01-14;384;-20,2;-12,21;-14,7;-7,56;-3,85;-2,84;3
2012;3;2012-01-15;2012-01-18;2012-01-21;397;-24,55;-18,49;-19,7;-11,5;-2,6;-4,45;4,9
2012;4;2012-01-22;2012-01-25;2012-01-28;382;-21,45;-8,81;-15,2;-4,31;2,7;0,21;5,2
2012;5;2012-01-29;2012-02-01;2012-02-04;351;-15,65;-10,54;-9,8;-7,09;-1,5;-3,58;1,15
2012;6;2012-02-05;2012-02-08;2012-02-11;360;-17,7;-10,72;-12,35;-5,37;1,45;0;3,5
2012;7;2012-02-12;2012-02-15;2012-02-18;337;-17;-7;-13,2;-3,28;2,35;0,41;4,3
2012;8;2012-02-19;2012-02-22;2012-02-25;352;-10,9;-5,71;-6,25;-1,97;3,7;1,78;6,4
2012;9;2012-02-26;2012-02-29;2012-03-03;351;-16,45;-8,98;-9,95;-5,48;2,8;-1,95;6,45
2012;10;2012-03-04;2012-03-07;2012-03-10;372;-15,7;-8,67;-12,45;-3,7;6,45;1,29;12,75
2012;11;2012-03-11;2012-03-14;2012-03-17;373;-3,6;-0,52;0,7;3,52;6,55;7,55;12,55
2012;12;2012-03-18;2012-03-21;2012-03-24;359;2,05;5,05;4,3;12,57;17,15;20,04;25,7
2012;13;2012-03-25;2012-03-28;2012-03-31;324;-7,9;-3,09;-2,4;1,31;5,6;5,69;8,95
2012;14;2012-04-01;2012-04-04;2012-04-07;329;-3,15;-0,91;1,7;4,16;6,15;9,19;11,45
2012;15;2012-04-08;2012-04-11;2012-04-14;317;-0,4;2,6;6,2;7,71;11;12,78;16,65
2012;16;2012-04-15;2012-04-18;2012-04-21;334;-1,3;4,67;3,6;10,83;21,95;16,94;28,9
2012;17;2012-04-22;2012-04-25;2012-04-28;330;-1,95;1,21;2,4;4,81;7,55;8,36;11,6
2012;18;2012-04-29;2012-05-02;2012-05-05;311;-1,75;5,2;4,65;9,8;13,9;14,33;17,2
2012;19;2012-05-06;2012-05-09;2012-05-12;325;2,2;6,76;10,05;12,56;15,25;18,3;24,1
2012;20;2012-05-13;2012-05-16;2012-05-19;364;5,9;9,45;11,15;15,66;18,85;21,84;26,1
2012;21;2012-05-20;2012-05-23;2012-05-26;322;11;14,47;16,95;20,49;23,7;26,48;31,05
2012;22;2012-05-27;2012-05-30;2012-06-02;263;7,95;11,5;13,85;16,26;19,85;20,97;26,8
2012;23;2012-06-03;2012-06-06;2012-06-09;315;8,5;10,23;13,65;15,84;16,75;21,4;24,55
2012;24;2012-06-10;2012-06-13;2012-06-16;314;10;12,96;17;19,48;23;25,94;30
2012;25;2012-06-17;2012-06-20;2012-06-23;317;15,15;19,01;21,15;24,14;28,5;29,22;33,25
2012;26;2012-06-24;2012-06-27;2012-06-30;304;12,65;16,02;16,25;20,74;25,1;25,41;31,05
2012;27;2012-07-01;2012-07-04;2012-07-07;333;12,6;16,54;20,2;22,46;25,1;28,34;30,35
2012;28;2012-07-08;2012-07-11;2012-07-14;324;11,05;15,68;18,75;22,54;28;29,15;33,5
2012;29;2012-07-15;2012-07-18;2012-07-21;343;10,9;15,82;17,3;21,37;26;27,26;31,35
2012;30;2012-07-22;2012-07-25;2012-07-28;330;14,45;16,65;19,3;21,71;25,3;26,71;31,05
2012;31;2012-07-29;2012-08-01;2012-08-04;311;15,65;18,59;21,95;24,24;25,25;29,85;32,8
2012;32;2012-08-05;2012-08-08;2012-08-11;300;15,1;17,21;19,7;21,93;25,85;26,61;30,95
2012;33;2012-08-12;2012-08-15;2012-08-18;294;13,3;17,15;17,9;21,48;23,2;25,77;27,1
2012;34;2012-08-19;2012-08-22;2012-08-25;308;11,1;14,65;18,15;20,85;24,97;26,98;31,77
2012;35;2012-08-26;2012-08-29;2012-09-01;298;10,47;15,5;17,73;21,22;25,3;26,9;31
2012;36;2012-09-02;2012-09-05;2012-09-08;324;10,53;14,92;18,47;21,04;23,1;27,13;28,83
2012;37;2012-09-09;2012-09-12;2012-09-15;292;6,07;10,31;12,07;16,66;21,5;22,93;28,53
2012;38;2012-09-16;2012-09-19;2012-09-22;322;5,2;8,81;10,53;14,21;16,93;19,58;25,37
2012;39;2012-09-23;2012-09-26;2012-09-29;299;3,03;6,6;10,03;11,86;15,13;17,05;20,57
2012;40;2012-09-30;2012-10-03;2012-10-06;265;8,13;10,4;11,17;13,8;16,97;17,15;20,8
2012;41;2012-10-07;2012-10-10;2012-10-13;328;-2,6;2,48;3,97;7,17;10,3;11,81;15,73
2012;42;2012-10-14;2012-10-17;2012-10-20;330;0,3;5,98;5,27;10,46;13,97;14,95;19,63
2012;43;2012-10-21;2012-10-24;2012-10-27;363;0,83;5,35;6,63;10,14;14,4;14,88;21,03
2012;44;2012-10-28;2012-10-31;2012-11-03;348;3,5;7,15;4,57;9,88;17,47;12,54;21,67
2012;45;2012-11-04;2012-11-07;2012-11-10;341;-5,87;-3,73;-1,43;0,25;2,73;4,25;5,67
2012;46;2012-11-11;2012-11-14;2012-11-17;320;-6,8;-3,95;-1,4;1,8;8,8;7,54;18,7
2012;47;2012-11-18;2012-11-21;2012-11-24;297;-7,93;-3,65;-1,57;2,2;7,2;8,04;12,23
2012;48;2012-11-25;2012-11-28;2012-12-01;320;-15,13;-10,14;-11,83;-5,96;-2,33;-1,54;2,23
2012;49;2012-12-02;2012-12-05;2012-12-08;356;-6,27;-1,81;-3,5;2,34;7,13;6,48;12,53
2012;50;2012-12-09;2012-12-12;2012-12-15;335;-11,63;-8,05;-8,77;-3,9;-0,97;0,31;3,5
2012;51;2012-12-16;2012-12-19;2012-12-22;420;-10,43;-3,16;-6,13;-0,9;1,73;1,37;2,97
2012;52;2012-12-23;2012-12-26;2012-12-29;467;-16,37;-12,4;-12,43;-9,52;-6,5;-6,6;-3,5
2013;1;2012-12-30;2013-01-02;2013-01-05;459;-23,2;-16,43;-18,3;-10,78;-5,33;-5,07;0,57
2013;2;2013-01-06;2013-01-09;2013-01-12;491;-15,33;-7,23;-10,97;-3,28;3,45;0,68;5,3
2013;3;2013-01-13;2013-01-16;2013-01-19;424;-20,7;-7,36;-13,87;-3;3,97;1,36;6,37
2013;4;2013-01-20;2013-01-23;2013-01-26;403;-26,27;-20,97;-24,03;-16,83;-4,9;-12,63;5,7
2013;5;2013-01-27;2013-01-30;2013-02-02;411;-17,5;-12,23;-14,23;-7,47;5,47;-2,67;10,17
2013;6;2013-02-03;2013-02-06;2013-02-09;373;-20,53;-17,61;-18;-13,47;-10,87;-9,24;-5,83
2013;7;2013-02-10;2013-02-13;2013-02-16;370;-19,8;-6,98;-12,9;-3,26;1,07;0,49;3,7
2013;8;2013-02-17;2013-02-20;2013-02-23;362;-15,53;-10,78;-11,63;-6,81;-1,03;-2,79;1,3
2013;9;2013-02-24;2013-02-27;2013-03-02;360;-4,43;-1,22;-2,03;0,32;1,55;1,82;3,3
2013;10;2013-03-03;2013-03-06;2013-03-09;332;-7,1;-4,19;-5,33;-1,44;1,67;1,35;5,27
2013;11;2013-03-10;2013-03-13;2013-03-16;332;-10,3;-3,78;-7,5;-0,24;5,75;3,3;8,7
2013;12;2013-03-17;2013-03-20;2013-03-23;373;-13,4;-7,17;-7,45;-3,71;-0,4;-0,2;3,37
2013;13;2013-03-24;2013-03-27;2013-03-30;312;-4,27;-1,78;-0,2;2,8;5,13;7,36;9,37
2013;14;2013-03-31;2013-04-03;2013-04-06;331;-6,53;-4,59;-3,8;0,46;5,67;5,51;12,27
2013;15;2013-04-07;2013-04-10;2013-04-13;322;-2,1;0,54;0,3;4,01;6,47;7,44;12,67
2013;16;2013-04-14;2013-04-17;2013-04-20;382;-1,57;2,58;4,57;8,24;14,03;13,84;21,47
2013;17;2013-04-21;2013-04-24;2013-04-27;312;-2,4;1,03;2,13;7,38;13,2;13,67;22
2013;18;2013-04-28;2013-05-01;2013-05-04;342;2,8;8,68;12;16,02;18;23,34;26,1
2013;19;2013-05-05;2013-05-08;2013-05-11;341;9,97;11,55;14,75;18,27;20,4;24,92;28,67
2013;20;2013-05-12;2013-05-15;2013-05-18;316;-0,8;4,26;5,9;10,41;14,2;16,41;22,2
2013;21;2013-05-19;2013-05-22;2013-05-25;312;6,43;10,19;7,9;14,29;18,13;18,35;23,3
2013;22;2013-05-26;2013-05-29;2013-06-01;343;2,77;11,92;8,17;17,79;25,67;23,61;31,6
2013;23;2013-06-02;2013-06-05;2013-06-08;303;5,97;11,11;12,47;14,83;22,57;18,53;26,3
2013;24;2013-06-09;2013-06-12;2013-06-15;325;10,27;12;14,4;17,55;19,37;23,06;25,8
2013;25;2013-06-16;2013-06-19;2013-06-22;270;7,83;11,73;14,2;16,72;21,17;21,66;27
2013;26;2013-06-23;2013-06-26;2013-06-29;275;13,53;16,8;15,13;20,65;25,15;24,53;30,45
2013;27;2013-06-30;2013-07-03;2013-07-06;291;15,8;18,28;18,7;22,36;25,9;26,37;29,83
2013;28;2013-07-07;2013-07-10;2013-07-13;326;13,53;16,97;19,57;22,1;24,97;27,15;29,4
2013;29;2013-07-14;2013-07-17;2013-07-20;358;16,53;20,19;22,4;25,85;27,47;31,44;33,4
2013;30;2013-07-21;2013-07-24;2013-07-27;283;7,57;12,17;14,9;18,25;22,93;24,28;27,33
2013;31;2013-07-28;2013-07-31;2013-08-03;286;14,6;16,7;19,43;21;22,5;25,26;27
2013;32;2013-08-04;2013-08-07;2013-08-10;280;10,67;15,1;16,7;20;23,93;24,9;28,1
2013;33;2013-08-11;2013-08-14;2013-08-17;313;10,53;13,56;17,1;18,7;20,83;23,78;25,97
2013;34;2013-08-18;2013-08-21;2013-08-24;285;9,43;15,16;16,53;20,7;24,77;26,19;29,57
2013;35;2013-08-25;2013-08-28;2013-08-31;298;12,23;16,27;18,77;20,96;23,5;25,62;29,27
2013;36;2013-09-01;2013-09-04;2013-09-07;307;5,6;12,66;12,57;17,05;21,97;21,4;26,7
2013;37;2013-09-08;2013-09-11;2013-09-14;339;6,93;11,82;11,93;16,19;23,27;20,52;30,67
2013;38;2013-09-15;2013-09-18;2013-09-21;313;3,8;8,65;9,33;14,39;18,83;20,08;25,6
2013;39;2013-09-22;2013-09-25;2013-09-28;304;5,5;6,49;9,23;12,18;14,8;17,82;22,53
2013;40;2013-09-29;2013-10-02;2013-10-05;329;8,77;10,35;14,07;15,89;18,3;21,39;24,57
2013;41;2013-10-06;2013-10-09;2013-10-12;292;3,5;6,15;9,83;12,72;16,45;19,25;23,95
2013;42;2013-10-13;2013-10-16;2013-10-19;284;5,67;9,71;10,67;13,45;15,77;17,17;20,07
2013;43;2013-10-20;2013-10-23;2013-10-26;335;-0,67;1,37;2,83;5,68;9,53;9,95;14,87
2013;44;2013-10-27;2013-10-30;2013-11-02;339;-5,6;-0,43;-1,1;4,49;13,57;9,37;18,77
2013;45;2013-11-03;2013-11-06;2013-11-09;297;-6,37;-0,49;-1,47;3,45;8,7;7,36;13,53
2013;46;2013-11-10;2013-11-13;2013-11-16;316;-7,2;-1,16;-2,8;2,32;7,03;5,76;12,27
2013;47;2013-11-17;2013-11-20;2013-11-23;319;-6,73;-2,64;-2,9;1,51;7,97;5,67;14,57
2013;48;2013-11-24;2013-11-27;2013-11-30;333;-15,17;-9,72;-9,53;-5,91;1,17;-2,05;2,57
2013;49;2013-12-01;2013-12-04;2013-12-07;317;-6,8;-3,6;-4,23;-0,8;4,3;2,12;10,3
2013;50;2013-12-08;2013-12-11;2013-12-14;344;-22,63;-14,58;-19,03;-9,82;-1,1;-5,02;3,13
2013;51;2013-12-15;2013-12-18;2013-12-21;367;-25,63;-15,4;-20,17;-11,39;-4;-7,51;0,67
2013;52;2013-12-22;2013-12-25;2013-12-28;345;-20,63;-12,59;-17,57;-9,65;-1,63;-6,64;2,2
2014;1;2013-12-29;2014-01-01;2014-01-04;376;-27,5;-21,62;-25;-17,07;-4,73;-12,46;1,37
2014;2;2014-01-05;2014-01-08;2014-01-11;377;-16,5;-12,63;-13,7;-7,48;0,7;-2,29;7,43
2014;3;2014-01-12;2014-01-15;2014-01-18;405;-6,9;-3,15;-2,67;-0,2;2,67;2,76;5,03
2014;4;2014-01-19;2014-01-22;2014-01-25;360;-24,93;-19,38;-21,37;-15,15;-4,03;-10,87;-1,9
2014;5;2014-01-26;2014-01-29;2014-02-01;380;-21,23;-14,6;-17,23;-10,39;-2,73;-6,14;1,23
2014;6;2014-02-02;2014-02-05;2014-02-08;380;-20,37;-14,39;-14,7;-10,33;-4,57;-6,24;-0,6
2014;7;2014-02-09;2014-02-12;2014-02-15;353;-22,93;-15,44;-16,43;-11,22;-4,53;-6,96;-2,67
2014;8;2014-02-16;2014-02-19;2014-02-22;357;-17,93;-8,89;-14;-5,01;2,27;-1,1;6,03
2014;9;2014-02-23;2014-02-26;2014-03-01;377;-17,8;-12,84;-14,97;-9,5;-1,3;-6,09;1,5
2014;10;2014-03-02;2014-03-05;2014-03-08;334;-20,2;-16,54;-15,2;-11,41;-2,47;-6,23;2,17
2014;11;2014-03-09;2014-03-12;2014-03-15;329;-16,67;-10;-10,9;-4,75;2,83;0,54;5,2
2014;12;2014-03-16;2014-03-19;2014-03-22;372;-16,4;-8,75;-11,53;-4,98;1,43;-1,18;3,2
2014;13;2014-03-23;2014-03-26;2014-03-29;361;-18,13;-9,75;-11,5;-5,08;1,93;-0,37;4,33
2014;14;2014-03-30;2014-04-02;2014-04-05;355;-3,63;-1,66;-0,45;1,39;2,77;4,4;7,03
2014;15;2014-04-06;2014-04-09;2014-04-12;320;-2,27;0,02;1,7;5,29;7,8;10,5;15,73
2014;16;2014-04-13;2014-04-16;2014-04-19;329;-7,23;-1,52;-3,37;5,26;13,2;12;24,4
2014;17;2014-04-20;2014-04-23;2014-04-26;344;-2,6;2,7;5,67;7,89;13,53;13,05;19,43
2014;18;2014-04-27;2014-04-30;2014-05-03;341;2,13;5,43;6,3;9,58;12,43;13,68;16,7
2014;19;2014-05-04;2014-05-07;2014-05-10;317;2,37;6,41;9,13;11,56;18,13;16,67;23,73
2014;20;2014-05-11;2014-05-14;2014-05-17;320;8,13;11,11;11,97;16,55;22,73;21,92;27,9
2014;21;2014-05-18;2014-05-21;2014-05-24;312;6,67;9,71;11,77;15,2;16,7;20,64;23,73
2014;22;2014-05-25;2014-05-28;2014-05-31;294;5,03;9,43;11,97;15,03;19,53;20,59;25,37
2014;23;2014-06-01;2014-06-04;2014-06-07;337;8,07;13,79;15,25;19,18;23,7;24,56;29,97
2014;24;2014-06-08;2014-06-11;2014-06-14;299;11,93;14,76;15,2;18,94;22,8;23,06;27,97
2014;25;2014-06-15;2014-06-18;2014-06-21;306;9,53;12,63;15,8;18,33;21,03;23,99;27,33
2014;26;2014-06-22;2014-06-25;2014-06-28;307;10,47;15,11;17,27;20,5;22,43;25,83;29,33
2014;27;2014-06-29;2014-07-02;2014-07-05;328;14,33;19,02;19,47;23,7;27,23;28,33;32,7
2014;28;2014-07-06;2014-07-09;2014-07-12;308;12,3;16,62;18,4;21,17;24,53;25,68;30,1
2014;29;2014-07-13;2014-07-16;2014-07-19;287;14,23;16,38;18,67;20,41;21,53;24,4;27,43
2014;30;2014-07-20;2014-07-23;2014-07-26;327;13,67;17,42;18,37;22,2;25,17;26,93;29,63
2014;31;2014-07-27;2014-07-30;2014-08-02;279;11,87;14,27;16,1;18,96;21,57;23,49;27,8
2014;32;2014-08-03;2014-08-06;2014-08-09;300;13,7;15,74;19,33;21,12;22,93;26,45;28,57
2014;33;2014-08-10;2014-08-13;2014-08-16;285;12,13;15,24;14,87;19,11;23,4;22,93;29,57
2014;34;2014-08-17;2014-08-20;2014-08-23;291;10,13;13,63;16,5;18,87;20,33;24,03;27,13
2014;35;2014-08-24;2014-08-27;2014-08-30;321;10,83;15,11;16,67;20,55;22,9;25,94;28,67
2014;36;2014-08-31;2014-09-03;2014-09-06;299;10,77;17,23;17,07;22;24,83;26,73;30,43
2014;37;2014-09-07;2014-09-10;2014-09-13;265;5,5;9,86;9,07;15,35;18,87;20,8;24,7
2014;38;2014-09-14;2014-09-17;2014-09-20;321;-0,05;5,87;6,5;10,61;14,23;15,7;19,63
2014;39;2014-09-21;2014-09-24;2014-09-27;335;6,03;9,89;11;15,73;19,6;21,52;25,77
2014;40;2014-09-28;2014-10-01;2014-10-04;329;8,33;9,88;13,2;14,86;20,17;19,81;25,13
2014;41;2014-10-05;2014-10-08;2014-10-11;326;1,93;6,79;7,53;10,83;15,07;14,81;18,63
2014;42;2014-10-12;2014-10-15;2014-10-18;322;1,67;9,9;7,47;14,71;20,67;19,48;24,67
2014;43;2014-10-19;2014-10-22;2014-10-25;334;1,47;4,6;4,2;7,16;9,27;9,69;13,2
2014;44;2014-10-26;2014-10-29;2014-11-01;339;1,3;4,83;4,2;7,79;11,53;10,69;14,2
2014;45;2014-11-02;2014-11-05;2014-11-08;348;-1,83;1,4;1,33;4,74;9,33;8,03;12,17
2014;46;2014-11-09;2014-11-12;2014-11-15;328;-5,1;-0,32;-1,77;3;6,73;6,29;13,47
2014;47;2014-11-16;2014-11-19;2014-11-22;358;-7,73;-4,96;-5,9;-2,22;1,2;0,53;3,5
2014;48;2014-11-23;2014-11-26;2014-11-29;365;-9,1;-1,68;-6,05;1,48;12,1;4,62;17,5
2014;49;2014-11-30;2014-12-03;2014-12-06;356;-14,8;-8,39;-9,35;-3,69;3;1,06;6,6
2014;50;2014-12-07;2014-12-10;2014-12-13;379;-16,05;-7,2;-10,2;-4,35;-0,35;-1,47;0,47
2014;51;2014-12-14;2014-12-17;2014-12-20;374;-15,63;-5,5;-12,1;-3,46;0,3;-1,38;0,83
2014;52;2014-12-21;2014-12-24;2014-12-27;467;-10,87;-2,43;-9,2;-0,07;5,87;2,29;8,03
2014;53;2014-12-28;2014-12-31;2015-01-03;504;-18,2;-12;-12,87;-7,67;2,83;-3,3;8,03
2015;1;2015-01-04;2015-01-07;2015-01-10;457;-27,1;-17,85;-17,57;-11,9;-2,2;-5,91;3,37
2015;2;2015-01-11;2015-01-14;2015-01-17;445;-24,33;-20,29;-20,1;-14,2;-7,9;-8,06;-1,63
2015;3;2015-01-18;2015-01-21;2015-01-24;459;-21,37;-14,05;-15,93;-9,09;-1,93;-4,1;3,03
2015;4;2015-01-25;2015-01-28;2015-01-31;384;-22,73;-18,4;-18,77;-12,87;-8,4;-7,3;-0,37
2015;5;2015-02-01;2015-02-04;2015-02-07;400;-24,17;-20;-20,03;-15,17;-6,53;-10,3;-3,67
2015;6;2015-02-08;2015-02-11;2015-02-14;408;-23,63;-18,72;-20,73;-15,32;-11,53;-11,87;-7,13
2015;7;2015-02-15;2015-02-18;2015-02-21;422;-24,13;-20,88;-19,87;-16,25;-12,63;-11,59;-7,5
2015;8;2015-02-22;2015-02-25;2015-02-28;396;-24,9;-19,58;-17,23;-13,76;-7,23;-7,9;-3,47
2015;9;2015-03-01;2015-03-04;2015-03-07;434;-19,73;-14,77;-13,27;-9;-1,87;-3,18;1,9
2015;10;2015-03-08;2015-03-11;2015-03-14;389;-10,03;-5,16;-5,87;-1,43;3,6;2,3;7,93
2015;11;2015-03-15;2015-03-18;2015-03-21;379;-13,13;-10,8;-8,9;-5,39;-3,4;0,11;2,83
2015;12;2015-03-22;2015-03-25;2015-03-28;397;-15,8;-9,54;-12,33;-5,01;3,2;-0,44;6,63
2015;13;2015-03-29;2015-04-01;2015-04-04;382;-9,1;-3,45;-2,93;1,11;8,87;5,67;12,77
2015;14;2015-04-05;2015-04-08;2015-04-11;335;-6,43;-1,99;-2,33;2,08;7,37;6,11;11,77
2015;15;2015-04-12;2015-04-15;2015-04-18;348;-0,77;2,45;5,7;9,43;13,07;16,43;21,8
2015;16;2015-04-19;2015-04-22;2015-04-25;334;0,37;2,2;2,43;5,86;8,37;9,44;12,23
2015;17;2015-04-26;2015-04-29;2015-05-02;314;2,53;5,06;7,4;11,27;15,1;17,47;23,13
2015;18;2015-05-03;2015-05-06;2015-05-09;345;6,2;10,47;14,43;18,3;20,97;26,1;29,67
2015;19;2015-05-10;2015-05-13;2015-05-16;322;5,17;8,91;10,97;14,47;19,13;19,98;24,9
2015;20;2015-05-17;2015-05-20;2015-05-23;302;2,5;8,34;8,4;14,57;20,13;20,76;29,03
2015;21;2015-05-24;2015-05-27;2015-05-30;279;9,63;13,81;17,13;19,84;24,1;25,82;30,5
2015;22;2015-05-31;2015-06-03;2015-06-06;305;3,4;7,94;9,23;13,13;19,1;18,27;24,4
2015;23;2015-06-07;2015-06-10;2015-06-13;285;6,5;13,45;14,17;18,19;20;22,89;26,43
2015;24;2015-06-14;2015-06-17;2015-06-20;313;9,17;12,23;15,63;17,7;20,57;23,12;26,67
2015;25;2015-06-21;2015-06-24;2015-06-27;282;10,6;14,26;16,6;19,46;22,1;24,62;26,87
2015;26;2015-06-28;2015-07-01;2015-07-04;294;12,23;13,41;15,8;18,01;19,53;22,55;25,13
2015;27;2015-07-05;2015-07-08;2015-07-11;332;14,67;16,45;18,87;21,64;24,67;26,8;29,63
2015;28;2015-07-12;2015-07-15;2015-07-18;265;8,93;15,24;16,13;20,73;25;26,19;30,03
2015;29;2015-07-19;2015-07-22;2015-07-25;310;13,97;16,3;18,17;20,87;24,1;25,38;28,43
2015;30;2015-07-26;2015-07-29;2015-08-01;313;16,07;18,85;20,8;23,72;26,83;28,54;31,83
2015;31;2015-08-02;2015-08-05;2015-08-08;276;11,8;14,93;16,8;19,7;22,07;24,41;27,1
2015;32;2015-08-09;2015-08-12;2015-08-15;325;14,37;16,26;19,2;20,5;23,53;24,7;27,73
2015;33;2015-08-16;2015-08-19;2015-08-22;331;15,13;19,06;20,13;24,06;25,97;29,01;30,97
2015;34;2015-08-23;2015-08-26;2015-08-29;292;12,63;14,71;17,87;19,85;22,77;24,95;28,43
2015;35;2015-08-30;2015-09-02;2015-09-05;309;11,77;15,08;18,9;20,9;22,83;26,68;28,43
2015;36;2015-09-06;2015-09-09;2015-09-12;284;13,73;17,19;16,77;21,91;26,73;26,6;32
2015;37;2015-09-13;2015-09-16;2015-09-19;323;14,03;14,94;17,63;20,35;22,13;25,7;28,3
2015;38;2015-09-20;2015-09-23;2015-09-26;276;4,47;8;10,53;13,86;17,5;19,68;23,83
2015;39;2015-09-27;2015-09-30;2015-10-03;318;3,23;6,99;8,27;12,29;18,87;17,54;24,77
2015;40;2015-10-04;2015-10-07;2015-10-10;317;2,13;4,72;6,07;9,22;13,03;13,68;18,57
2015;41;2015-10-11;2015-10-14;2015-10-17;339;-2,07;5,56;2,17;10,31;17,6;15,03;23,47
2015;42;2015-10-18;2015-10-21;2015-10-24;324;-5,23;-0,15;0,2;5,44;12,03;10,99;17,57
2015;43;2015-10-25;2015-10-28;2015-10-31;359;-3,37;0,3;2,47;5,42;11,17;10,5;15,23
2015;44;2015-11-01;2015-11-04;2015-11-07;319;1;4,59;6,8;9,42;14,4;14,35;19,35
2015;45;2015-11-08;2015-11-11;2015-11-14;343;-0,67;1,81;1,97;5,8;9,1;9,77;12,73
2015;46;2015-11-15;2015-11-18;2015-11-21;319;-5,03;-0,63;-0,17;4,3;11,77;8,56;14
2015;47;2015-11-22;2015-11-25;2015-11-28;325;-8,67;-3,81;-5,17;0,67;7,6;5,15;14,67
2015;48;2015-11-29;2015-12-02;2015-12-05;348;-10,03;-2,83;-6,2;0,37;4,4;3,56;6,37
2015;49;2015-12-06;2015-12-09;2015-12-12;407;-1,87;1,5;1,3;4,75;10,13;7,94;13,6
2015;50;2015-12-13;2015-12-16;2015-12-19;314;-4,6;-0,7;-1,53;1,8;4,4;4,3;7,77
2015;51;2015-12-20;2015-12-23;2015-12-26;326;-6,27;-0,13;-3,1;3,41;11,4;6,88;17,05
2015;52;2015-12-27;2015-12-30;2016-01-02;343;-12,07;-7,18;-9,67;-4,62;-1,27;-2,03;1,7
2016;1;2016-01-03;2016-01-06;2016-01-09;372;-22,27;-12,55;-17,2;-7,32;2,77;-2,04;4,27
2016;2;2016-01-10;2016-01-13;2016-01-16;364;-15,53;-11,13;-12,7;-6,99;3,47;-2,82;7,53
2016;3;2016-01-17;2016-01-20;2016-01-23;365;-16,3;-13,76;-12,57;-10,02;-7,3;-6,24;-3,1
2016;4;2016-01-24;2016-01-27;2016-01-30;342;-16,83;-8,1;-11,57;-3,89;1,87;0,36;5,47
2016;5;2016-01-31;2016-02-03;2016-02-06;346;-6,37;-4,18;-3,17;0,17;4,33;4,51;8,6
2016;6;2016-02-07;2016-02-10;2016-02-13;366;-26,4;-14,13;-18,83;-9,96;-4,1;-5,74;0,87
2016;7;2016-02-14;2016-02-17;2016-02-20;397;-27,33;-14,31;-23,5;-9,12;1,97;-3,83;4,37
2016;8;2016-02-21;2016-02-24;2016-02-27;384;-13,87;-10;-10,63;-5,54;-0,87;-1,03;3,17
2016;9;2016-02-28;2016-03-02;2016-03-05;396;-18,83;-14,34;-15,2;-9,34;-3,2;-4,29;2,33
2016;10;2016-03-06;2016-03-09;2016-03-12;336;-7,07;-1,17;-2,47;2,69;6;6,52;11,73
2016;11;2016-03-13;2016-03-16;2016-03-19;382;-8,37;-1,36;-4,27;2,59;6,37;6,53;12,17
2016;12;2016-03-20;2016-03-23;2016-03-26;367;-8,53;-5,31;-3,7;-1,33;0,27;2,68;5,6
2016;13;2016-03-27;2016-03-30;2016-04-02;350;-3,77;0,21;2,63;5,87;10,93;11,48;16,23
2016;14;2016-04-03;2016-04-06;2016-04-09;372;-9,87;-6,12;-6,47;-2,51;2,3;1,12;4,37
2016;15;2016-04-10;2016-04-13;2016-04-16;350;-7,1;-1,77;-2,6;3,59;8,03;8,92;15,07
2016;16;2016-04-17;2016-04-20;2016-04-23;350;-0,13;2,64;6,2;9,22;11,8;15,77;21,8
2016;17;2016-04-24;2016-04-27;2016-04-30;355;-2,53;-1,18;2,3;4,42;7,83;9,97;15
2016;18;2016-05-01;2016-05-04;2016-05-07;358;1,83;5,45;6,9;10,48;17,5;15,46;22,73
2016;19;2016-05-08;2016-05-11;2016-05-14;334;1,07;5,97;6,23;12,51;17,57;19;25,33
2016;20;2016-05-15;2016-05-18;2016-05-21;324;2,07;5,42;5,9;11,26;17,77;17,06;24,77
2016;21;2016-05-22;2016-05-25;2016-05-28;328;10,57;12,36;17,73;19,96;22,73;27,51;31,83
2016;22;2016-05-29;2016-06-01;2016-06-04;330;13;15,67;18,97;20,85;24,37;25,98;29,23
2016;23;2016-06-05;2016-06-08;2016-06-11;288;7,83;11,34;10,87;14,92;20;18,45;22,87
2016;24;2016-06-12;2016-06-15;2016-06-18;331;9,77;11,12;13,03;18,04;21,5;24,91;30,17
2016;25;2016-06-19;2016-06-22;2016-06-25;345;10,53;15,21;17,8;21,21;26,47;27,13;32,83
2016;26;2016-06-26;2016-06-29;2016-07-02;321;13,17;16;16,9;21,43;24,7;26,8;32,33
2016;27;2016-07-03;2016-07-06;2016-07-09;297;12,73;16,05;17,97;21,29;25,3;26,46;31,2
2016;28;2016-07-10;2016-07-13;2016-07-16;311;11,65;16,48;15,8;21,9;26,13;27,28;33,1
2016;29;2016-07-17;2016-07-20;2016-07-23;341;14,1;17,28;19;22,61;26,5;27,9;32,17
2016;30;2016-07-24;2016-07-27;2016-07-30;325;12,7;16,81;19;21,85;24;26,84;29,9
2016;31;2016-07-31;2016-08-03;2016-08-06;286;14,8;17,92;21,63;23,84;26,77;29,71;32,97
2016;32;2016-08-07;2016-08-10;2016-08-13;327;11,4;16,99;18,63;22,46;26,9;27,92;32,3
2016;33;2016-08-14;2016-08-17;2016-08-20;312;14,07;16,41;20,6;21,68;23,3;26,91;29,43
2016;34;2016-08-21;2016-08-24;2016-08-27;288;13,23;17,38;17,43;21,8;24,05;26,18;28,5
2016;35;2016-08-28;2016-08-31;2016-09-03;312;10,13;14,63;16,33;19,54;23,37;24,4;27,8
2016;36;2016-09-04;2016-09-07;2016-09-10;310;11,3;15,39;18,17;21,26;23,43;27,08;29,5
2016;37;2016-09-11;2016-09-14;2016-09-17;309;6,35;9,95;12,2;16,21;19,53;22,33;26,63
2016;38;2016-09-18;2016-09-21;2016-09-24;306;5,3;12,27;11,6;17,85;22,53;23,37;26,4
2016;39;2016-09-25;2016-09-28;2016-10-01;321;4,5;8,22;10,97;13,64;16,47;19,01;21,1
2016;40;2016-10-02;2016-10-05;2016-10-08;356;5,13;8,72;12,27;14,49;16,97;20,19;24,97
2016;41;2016-10-09;2016-10-12;2016-10-15;330;0,3;3,56;5,55;9,26;14,13;14,91;20,17
2016;42;2016-10-16;2016-10-19;2016-10-22;334;2,5;7,85;5,5;11,57;16,7;15,24;24,8
2016;43;2016-10-23;2016-10-26;2016-10-29;324;-1,43;1,41;1;4,13;6,63;6,81;10,17
2016;44;2016-10-30;2016-11-02;2016-11-05;362;-1,07;2,7;3,03;5,87;11,1;9;15,53
2016;45;2016-11-06;2016-11-09;2016-11-12;342;-3,17;-1,61;2,27;4,7;8,2;11,06;15,7
2016;46;2016-11-13;2016-11-16;2016-11-19;337;-0,93;3,1;3,9;6,81;8,93;10,45;13,03
2016;47;2016-11-20;2016-11-23;2016-11-26;356;-3,23;-1,36;-1,57;0,09;3,1;1,53;6,47
2016;48;2016-11-27;2016-11-30;2016-12-03;362;-2,9;0,38;-1,57;2,44;6,7;4,46;8,6
2016;49;2016-12-04;2016-12-07;2016-12-10;318;-11,3;-5,77;-8,17;-3,02;0,67;-0,23;3,3
2016;50;2016-12-11;2016-12-14;2016-12-17;345;-23,8;-13,89;-19,83;-9,51;-2,97;-5,08;1,97
2016;51;2016-12-18;2016-12-21;2016-12-24;370;-22,97;-8,2;-17,17;-4,57;1,47;-0,93;3,17
2016;52;2016-12-25;2016-12-28;2016-12-31;405;-16,27;-9,71;-12,17;-4,58;3,67;0,6;7,43
2017;1;2017-01-01;2017-01-04;2017-01-07;441;-20,27;-11,11;-15,1;-6,97;-1,3;-2,76;2,63
2017;2;2017-01-08;2017-01-11;2017-01-14;401;-22,43;-11,91;-16,63;-6,8;3,6;-1,68;5,8
2017;3;2017-01-15;2017-01-18;2017-01-21;415;-10,7;-4,48;-8,67;-2,14;1,25;0,2;2,8
2017;4;2017-01-22;2017-01-25;2017-01-28;418;-3,83;-2,61;-3,03;-1,1;0,77;0,45;2,2
2017;5;2017-01-29;2017-02-01;2017-02-04;391;-17,33;-12,06;-12,3;-8,53;-3,35;-4,95;-0,15
2017;6;2017-02-05;2017-02-08;2017-02-11;394;-16,2;-12,6;-14,55;-8,85;-2,83;-5,04;4,17
2017;7;2017-02-12;2017-02-15;2017-02-18;414;-14,53;-8,49;-8,87;-4,92;1,1;-1,32;7,6
2017;8;2017-02-19;2017-02-22;2017-02-25;384;-8,53;-1,8;-3,07;2,62;6,77;7,01;13,3
2017;9;2017-02-26;2017-03-01;2017-03-04;357;-17,65;-7,37;-14,95;-2,92;5,43;1,55;8,87
2017;10;2017-03-05;2017-03-08;2017-03-11;366;-20,8;-11;-17,97;-5,97;5,93;-0,95;10,7
2017;11;2017-03-12;2017-03-15;2017-03-18;394;-17,1;-12,93;-13,73;-9,01;-6,1;-5,04;0,37
2017;12;2017-03-19;2017-03-22;2017-03-25;358;-13,4;-8,3;-8,23;-3,29;0,5;1,75;5,27
2017;13;2017-03-26;2017-03-29;2017-04-01;375;-7,05;-0,62;-2,75;1,79;3,9;4,16;6,15
2017;14;2017-04-02;2017-04-05;2017-04-08;368;-1,8;1,08;3,47;4,2;5,73;7,26;9,85
2017;15;2017-04-09;2017-04-12;2017-04-15;348;-2,1;2,7;6,83;9,49;16,93;16,22;25,53
2017;16;2017-04-16;2017-04-19;2017-04-22;356;-0,03;4,46;4,87;7,69;11,63;10,9;15,73
2017;17;2017-04-23;2017-04-26;2017-04-29;320;0,3;4,97;4,8;11,41;17,75;17,81;25,25
2017;18;2017-04-30;2017-05-03;2017-05-06;318;1,7;4,86;4,47;9,2;14,4;13,5;21,83
2017;19;2017-05-07;2017-05-10;2017-05-13;356;0,73;4,35;3,63;8,51;13,97;12,63;18,87
2017;20;2017-05-14;2017-05-17;2017-05-20;384;5,23;10,38;10,8;16,32;24,6;22,21;30,35
2017;21;2017-05-21;2017-05-24;2017-05-27;322;8,9;10,55;11,93;15,05;17,4;19,52;24,45
2017;22;2017-05-28;2017-05-31;2017-06-03;348;7,67;10,9;11,63;15,4;18,93;19,82;25,7
2017;23;2017-06-04;2017-06-07;2017-06-10;336;6,83;10,27;12,57;16,36;21;22,41;27,6
2017;24;2017-06-11;2017-06-14;2017-06-17;316;10,37;15,55;16,23;20,47;25,63;25,36;31,2
2017;25;2017-06-18;2017-06-21;2017-06-24;326;14,87;17,47;19;21,65;26,65;25,77;32,05
2017;26;2017-06-25;2017-06-28;2017-07-01;313;13,07;14,66;17,23;18,52;21,43;22,33;24,1
2017;27;2017-07-02;2017-07-05;2017-07-08;282;13,03;16,09;20;21,09;23,53;26,06;28,4
2017;28;2017-07-09;2017-07-12;2017-07-15;309;14,5;16,22;17,3;20,11;23,2;24,07;27,5
2017;29;2017-07-16;2017-07-19;2017-07-22;286;16,13;17,95;20,6;22,55;23,33;27,08;28,53
2017;30;2017-07-23;2017-07-26;2017-07-29;317;11;13,64;16,47;18,58;21,1;23,46;25,8
2017;31;2017-07-30;2017-08-02;2017-08-05;315;11,43;16,17;18,97;21,91;23,8;27,73;29,7
2017;32;2017-08-06;2017-08-09;2017-08-12;317;13,1;15,15;17,37;19,72;22,3;24,28;27,97
2017;33;2017-08-13;2017-08-16;2017-08-19;300;14,3;16,24;18,57;20,59;21,93;24,9;26,6
2017;34;2017-08-20;2017-08-23;2017-08-26;302;8,83;14,63;14,97;19,26;23,75;23,84;27,97
2017;35;2017-08-27;2017-08-30;2017-09-02;319;5,53;9,49;12,33;15,52;19,13;21,52;24,03
2017;36;2017-09-03;2017-09-06;2017-09-09;326;9,07;12,02;12,4;15,65;18,53;19,23;24,2
2017;37;2017-09-10;2017-09-13;2017-09-16;320;5,87;12,29;12,93;18,43;21,4;24,53;26,9
2017;38;2017-09-17;2017-09-20;2017-09-23;314;13,1;15,01;19,6;21,11;22,67;26,98;28,67
2017;39;2017-09-24;2017-09-27;2017-09-30;340;5,47;13,85;10;19,16;25,9;24,4;31,73
2017;40;2017-10-01;2017-10-04;2017-10-07;340;4,43;8,6;11,2;14,69;19;20,8;25,77
2017;41;2017-10-08;2017-10-11;2017-10-14;332;2,97;10,11;8,73;14,18;20,37;18,19;24,27
2017;42;2017-10-15;2017-10-18;2017-10-21;308;-0,07;6,27;4,87;12,06;16,05;17,69;23,1
2017;43;2017-10-22;2017-10-25;2017-10-28;336;2,97;7,4;7,63;12,63;17,87;17,98;24,3
2017;44;2017-10-29;2017-11-01;2017-11-04;331;-0,7;3,73;2,93;8,5;12,95;13,29;18,95
2017;45;2017-11-05;2017-11-08;2017-11-11;350;-9,4;-2,51;-5,37;2,2;8,13;6,61;14,37
2017;46;2017-11-12;2017-11-15;2017-11-18;344;-6,63;-3,89;-2,73;-0,34;4,85;3,39;9,05
2017;47;2017-11-19;2017-11-22;2017-11-25;344;-8,5;-3,68;-5,8;0,3;4,63;4,29;8,47
2017;48;2017-11-26;2017-11-29;2017-12-02;379;-12,37;-6,27;-6,25;-1,11;2,1;4,05;7,75
2017;49;2017-12-03;2017-12-06;2017-12-09;368;-4,67;-1,07;-2,03;1,42;7,85;3,9;9,95
2017;50;2017-12-10;2017-12-13;2017-12-16;349;-19,2;-13,82;-16,37;-10,6;-3,1;-7,3;-1,25
2017;51;2017-12-17;2017-12-20;2017-12-23;416;-20,23;-14,45;-16,23;-10,41;-3,33;-6,33;3,57
2017;52;2017-12-24;2017-12-27;2017-12-30;407;-26,45;-19,87;-23,5;-16,55;-8;-13,18;-5,4
2018;1;2017-12-31;2018-01-03;2018-01-06;448;-25,4;-21,75;-22,2;-18,27;-10,43;-14,73;-6,7
2018;2;2018-01-07;2018-01-10;2018-01-13;459;-24,6;-13,4;-17,9;-7,1;2,9;-0,79;10,53
2018;3;2018-01-14;2018-01-17;2018-01-20;469;-27,05;-13,23;-22,65;-10,12;1,37;-6,97;3,9
2018;4;2018-01-21;2018-01-24;2018-01-27;446;-19,7;-11,88;-13,47;-6,59;-0,5;-1,25;6,07
2018;5;2018-01-28;2018-01-31;2018-02-03;470;-21,6;-14,53;-13,87;-9,07;-0,67;-3,56;4,93
2018;6;2018-02-04;2018-02-07;2018-02-10;414;-19;-13,18;-13,3;-9,08;-3,55;-4,93;-0,3
2018;7;2018-02-11;2018-02-14;2018-02-17;413;-19,17;-12,32;-12,63;-5,85;0;0,7;5,45
2018;8;2018-02-18;2018-02-21;2018-02-24;430;-9,13;-4,74;-5,5;-0,83;2,57;3,07;8,47
2018;9;2018-02-25;2018-02-28;2018-03-03;410;-3,47;-1,81;-0,35;1,43;3,97;4,64;7,33
2018;10;2018-03-04;2018-03-07;2018-03-10;359;-4,85;-2,77;-1,77;-0,63;1;1,56;2,95
2018;11;2018-03-11;2018-03-14;2018-03-17;367;-13,35;-4,44;-10,5;-2,14;0,9;0,15;3,7
2018;12;2018-03-18;2018-03-21;2018-03-24;351;-16,27;-9,88;-11,3;-4,94;1;0,04;5,4
2018;13;2018-03-25;2018-03-28;2018-03-31;381;-5,17;-1,96;0,27;2,86;6,2;7,64;10,33
2018;14;2018-04-01;2018-04-04;2018-04-07;377;-9,97;-4,56;-6,37;0,05;3,77;4,64;7,53
2018;15;2018-04-08;2018-04-11;2018-04-14;383;-8,47;-2,85;-3,5;1,51;6,53;5,85;10,07
2018;16;2018-04-15;2018-04-18;2018-04-21;340;-5,63;-0,79;-2,67;2,54;6,27;5,83;12,2
2018;17;2018-04-22;2018-04-25;2018-04-28;363;-1,17;4,2;6,63;10,01;13;15,79;22,2
2018;18;2018-04-29;2018-05-02;2018-05-05;349;5,17;7,77;6,6;12,36;18,43;16,88;25,93
2018;19;2018-05-06;2018-05-09;2018-05-12;369;2,37;5,74;7,3;12,36;17,73;18,94;26,6
2018;20;2018-05-13;2018-05-16;2018-05-19;353;2,2;5,92;9,35;13,13;18;20,65;24,67
2018;21;2018-05-20;2018-05-23;2018-05-26;335;8,3;11,82;15,43;17,68;21,65;23,49;26
2018;22;2018-05-27;2018-05-30;2018-06-02;323;11,2;14,63;15,87;20,25;24,63;25,81;29,9
2018;23;2018-06-03;2018-06-06;2018-06-09;325;8,5;10,99;12,25;15,54;17,73;20,05;25,1
2018;24;2018-06-10;2018-06-13;2018-06-16;322;7,37;11,45;13,73;17,55;21,37;23,69;27,77
2018;25;2018-06-17;2018-06-20;2018-06-23;285;9,9;14,11;16,17;19,66;23,43;25,15;29,3
2018;26;2018-06-24;2018-06-27;2018-06-30;307;9,17;15,12;16,5;20,57;26,9;25,97;31,57
2018;27;2018-07-01;2018-07-04;2018-07-07;433;13,13;19,7;20,6;25,96;29,1;32,17;35,67
2018;28;2018-07-08;2018-07-11;2018-07-14;331;13,17;16,77;19,63;22,99;25,3;29,17;32,1
2018;29;2018-07-15;2018-07-18;2018-07-21;312;12,37;16,91;19,2;23,43;26,55;29,93;33,75
2018;30;2018-07-22;2018-07-25;2018-07-28;306;16,6;19,83;21,73;24,1;26,47;28,34;30,13
2018;31;2018-07-29;2018-08-01;2018-08-04;332;17,6;19,85;22,23;23,84;25,2;27,82;29,07
2018;32;2018-08-05;2018-08-08;2018-08-11;321;15,27;18,81;20,83;23,8;26,77;28,77;32,23
2018;33;2018-08-12;2018-08-15;2018-08-18;313;15,83;17,92;19,8;22,67;25,47;27,37;29,93
2018;34;2018-08-19;2018-08-22;2018-08-25;306;12,3;15,38;18,9;21,42;23,57;27,44;30
2018;35;2018-08-26;2018-08-29;2018-09-01;303;9,43;17,49;17;22,28;26,37;27,05;32,03
2018;36;2018-09-02;2018-09-05;2018-09-08;337;7,63;15,42;12,57;20,66;25,57;25,86;31,87
2018;37;2018-09-09;2018-09-12;2018-09-15;294;5,17;12,05;11,13;17,76;23;23,43;29,6
2018;38;2018-09-16;2018-09-19;2018-09-22;315;7,57;12,39;12,53;17,48;23,97;22,54;29,27
2018;39;2018-09-23;2018-09-26;2018-09-29;359;3,83;8,72;9,3;13,4;17,13;18,05;22,97
2018;40;2018-09-30;2018-10-03;2018-10-06;360;2,57;6,67;6,67;10,15;14,97;13,62;24,17
2018;41;2018-10-07;2018-10-10;2018-10-13;348;3,93;6,5;6,43;10,49;17,77;14,44;26,97
2018;42;2018-10-14;2018-10-17;2018-10-20;349;-0,8;2,83;2,2;7,18;10,35;11,48;16,2
2018;43;2018-10-21;2018-10-24;2018-10-27;404;-5,55;-1,37;-0,1;2,37;4,75;6,08;9,65
2018;44;2018-10-28;2018-10-31;2018-11-03;332;-2,2;1,15;1,28;3,3;5,53;5,4;7,42
2018;45;2018-11-04;2018-11-07;2018-11-10;355;-3,28;0,94;-0,28;4,2;9,03;7,42;12,05
2018;46;2018-11-11;2018-11-14;2018-11-17;326;-12,5;-7,92;-9,55;-4,44;-0,78;-0,91;2,78
2018;47;2018-11-18;2018-11-21;2018-11-24;328;-18,1;-12,36;-13,82;-7,75;-1,85;-3,09;1,45
2018;48;2018-11-25;2018-11-28;2018-12-01;318;-1,45;-0,34;-0,52;0,8;1,9;1,91;3,4
2018;49;2018-12-02;2018-12-05;2018-12-08;388;-18,95;-9;-14,15;-5,31;1,12;-1,58;3,52
2018;50;2018-12-09;2018-12-12;2018-12-15;363;-19,05;-12,86;-13,68;-7,95;1,2;-3,01;4,53
2018;51;2018-12-16;2018-12-19;2018-12-22;391;-11,2;-6,68;-7,03;-2,55;3,28;1,62;6,55
2018;52;2018-12-23;2018-12-26;2018-12-29;364;-15,45;-12,65;-12,15;-8,2;-3,2;-3,71;5,9
2019;1;2018-12-30;2019-01-02;2019-01-05;404;-17,05;-10,14;-13,7;-6,06;1,1;-1,95;2,5
2019;2;2019-01-06;2019-01-09;2019-01-12;408;-20;-13,77;-16,88;-9,51;-1,05;-5,21;1,27
2019;3;2019-01-13;2019-01-16;2019-01-19;408;-23,67;-18,47;-19,7;-13,49;-5,25;-8,45;1,12
2019;4;2019-01-20;2019-01-23;2019-01-26;418;-22,98;-16,28;-18,95;-12,02;-2,17;-7,72;2,42
2019;5;2019-01-27;2019-01-30;2019-02-02;391;-21,35;-17,95;-17,42;-13,59;-8,45;-9,2;-1,27
2019;6;2019-02-03;2019-02-06;2019-02-09;388;-15,8;-11,08;-13,15;-6,48;-1,45;-1,84;6,25
2019;7;2019-02-10;2019-02-13;2019-02-16;415;-18,6;-12,82;-12,57;-8,2;-2,45;-3,54;3,85
2019;8;2019-02-17;2019-02-20;2019-02-23;344;-21,25;-15,71;-14,43;-10,05;-2,75;-4,34;2,83
2019;9;2019-02-24;2019-02-27;2019-03-02;371;-22,02;-15,65;-17,58;-10,34;0,05;-4,97;3,6
2019;10;2019-03-03;2019-03-06;2019-03-09;376;-21,02;-13,75;-14,7;-9,19;-4,3;-4,59;-1,35
2019;11;2019-03-10;2019-03-13;2019-03-16;360;-9,1;-4,39;-4,22;-0,3;6,47;3,79;10,1
2019;12;2019-03-17;2019-03-20;2019-03-23;362;-11,88;-5,84;-5,75;-1,86;3,5;2,12;7,03
2019;13;2019-03-24;2019-03-27;2019-03-30;341;-8,25;-4,87;-4,4;-0,63;3,28;3,62;7,7
2019;14;2019-03-31;2019-04-03;2019-04-06;336;-8,38;-3,7;-2,55;0,68;4,08;5,05;9,28
2019;15;2019-04-07;2019-04-10;2019-04-13;367;-4,3;-1,14;-1,7;3,04;9,78;7,21;16,23
2019;16;2019-04-14;2019-04-17;2019-04-20;356;-2,5;1,85;3,85;6,01;9,7;10,15;15,38
2019;17;2019-04-21;2019-04-24;2019-04-27;344;2,6;3,95;5,25;8,39;11,57;12,78;18,62
2019;18;2019-04-28;2019-05-01;2019-05-04;378;-0,62;3,2;4,4;7,24;11,72;11,23;16,5
2019;19;2019-05-05;2019-05-08;2019-05-11;370;0,32;4,51;7,28;11,04;15,88;17,53;23,45
2019;20;2019-05-12;2019-05-15;2019-05-18;352;5,03;6,47;7,03;10,63;11,82;14,75;16,9
2019;21;2019-05-19;2019-05-22;2019-05-25;337;4,88;8,78;11,75;14,14;16,35;19,46;23,08
2019;22;2019-05-26;2019-05-29;2019-06-01;339;6,1;8,06;9,6;13,12;17,6;18,14;24,18
2019;23;2019-06-02;2019-06-05;2019-06-08;330;5,78;8,08;9,6;14,03;16,65;19,92;25,77
2019;24;2019-06-09;2019-06-12;2019-06-15;299;8,05;11,76;14,7;17,39;22,62;22,99;30,02
2019;25;2019-06-16;2019-06-19;2019-06-22;310;10,25;12,94;16,02;18,46;21,2;23,94;27,75
2019;26;2019-06-23;2019-06-26;2019-06-29;334;11,47;14,98;18,6;21,15;22,92;27,3;29,5
2019;27;2019-06-30;2019-07-03;2019-07-06;361;14,8;16,83;19,5;22,85;24,92;28,82;32,17
2019;28;2019-07-07;2019-07-10;2019-07-13;303;11,1;15,9;18,95;21,79;24,48;27,63;30,45
2019;29;2019-07-14;2019-07-17;2019-07-20;331;14,75;17,3;20,8;22,95;27,73;28,58;32,62
2019;30;2019-07-21;2019-07-24;2019-07-27;308;11,55;15,01;17,85;21,32;24,42;27,59;31,2
2019;31;2019-07-28;2019-07-31;2019-08-03;292;12,95;17,59;20,23;23,44;26,45;29,29;31
2019;32;2019-08-04;2019-08-07;2019-08-10;294;10,15;14,88;17,18;20,35;23,62;25,77;30,65
2019;33;2019-08-11;2019-08-14;2019-08-17;306;9,9;14,54;17,27;20,32;22,4;26,08;27,08
2019;34;2019-08-18;2019-08-21;2019-08-24;307;10,2;14,57;16,65;20,39;23,35;26,19;29,68
2019;35;2019-08-25;2019-08-28;2019-08-31;299;10,43;13,04;16,35;18,68;20,05;24,29;26,65
2019;36;2019-09-01;2019-09-04;2019-09-07;330;7,6;10,85;14,78;16,23;18,42;21,56;24,12
2019;37;2019-09-08;2019-09-11;2019-09-14;297;6;9,03;12,38;14,88;19,48;20,71;26,25
2019;38;2019-09-15;2019-09-18;2019-09-21;320;4,68;8,66;12,93;14,99;19,45;21,29;26,08
2019;39;2019-09-22;2019-09-25;2019-09-28;345;8,88;11,8;14,22;16,25;20,65;20,66;26,48
2019;40;2019-09-29;2019-10-02;2019-10-05;338;-0,22;3,27;5,92;8,28;12,45;13,27;16,45
2019;41;2019-10-06;2019-10-09;2019-10-12;311;3,08;5,98;9,7;11,68;13,72;17,32;19,23
2019;42;2019-10-13;2019-10-16;2019-10-19;342;0,38;4,02;5,7;8,28;11,07;12,53;16,05
2019;43;2019-10-20;2019-10-23;2019-10-26;372;0,02;3,6;5,42;8,47;12,2;13,31;16,15
2019;44;2019-10-27;2019-10-30;2019-11-02;336;-0,8;4,39;2,7;8,33;11,82;12,24;17,02
2019;45;2019-11-03;2019-11-06;2019-11-09;339;-7,75;-1,74;-2,98;1,51;6,2;4,76;9,55
2019;46;2019-11-10;2019-11-13;2019-11-16;370;-14,1;-10,07;-10,12;-5,78;1,73;-1,48;5,8
2019;47;2019-11-17;2019-11-20;2019-11-23;373;-14,88;-7,26;-9;-2,99;0,85;1,3;6,32
2019;48;2019-11-24;2019-11-27;2019-11-30;366;-11,88;-5,12;-8,43;-1,58;3,4;1,99;9,22
2019;49;2019-12-01;2019-12-04;2019-12-07;387;-13,85;-9;-10,12;-5,61;-2,55;-2,19;1,28
2019;50;2019-12-08;2019-12-11;2019-12-14;374;-13,03;-6,92;-7,58;-2,25;3,48;2,41;9,53
2019;51;2019-12-15;2019-12-18;2019-12-21;351;-20,35;-14,25;-17,62;-10,21;-3,35;-6,12;1
2019;52;2019-12-22;2019-12-25;2019-12-28;390;-11,07;-6,1;-6,97;-2,34;2,93;1,43;7,47
2020;1;2019-12-29;2020-01-01;2020-01-04;385;-4,38;-2,15;-2,98;-0,39;2,67;1,39;4,65
2020;2;2020-01-05;2020-01-08;2020-01-11;415;-16,98;-11,59;-13,25;-6,65;1;-1,71;5,78
2020;3;2020-01-12;2020-01-15;2020-01-18;390;-20,1;-12,78;-17,18;-9,64;-3,28;-6,45;0,38
2020;4;2020-01-19;2020-01-22;2020-01-25;420;-20,2;-11,22;-15,35;-7,09;-2,05;-2,92;1,45
2020;5;2020-01-26;2020-01-29;2020-02-01;375;-16,68;-9,66;-11,43;-5,88;1,18;-2,08;2,4
2020;6;2020-02-02;2020-02-05;2020-02-08;405;-21,98;-10,76;-17,27;-6,91;-0,5;-3,02;3,35
2020;7;2020-02-09;2020-02-12;2020-02-15;390;-25;-16,81;-20,38;-10,57;-1,45;-4,29;1,23
2020;8;2020-02-16;2020-02-19;2020-02-22;370;-21,95;-13,79;-15,22;-7,21;-0,52;-0,57;4,35
2020;9;2020-02-23;2020-02-26;2020-02-29;410;-13,22;-6,38;-10,97;-2,82;3,42;0,74;8,07
2020;10;2020-03-01;2020-03-04;2020-03-07;395;-14,95;-6,21;-10,18;-2,45;2,55;1,31;5
2020;11;2020-03-08;2020-03-11;2020-03-14;365;-6,07;-2,88;-3,5;1,13;4,6;5,11;11
2020;12;2020-03-15;2020-03-18;2020-03-21;360;-11,35;-5,51;-5,2;-0,64;6,4;4,24;15,5
2020;13;2020-03-22;2020-03-25;2020-03-28;420;-10,9;-3,94;-6,1;1,07;6,47;6,09;10,85
2020;14;2020-03-29;2020-04-01;2020-04-04;520;-1,33;1,39;2,25;4,61;7,32;7,79;12,62
2020;15;2020-04-05;2020-04-08;2020-04-11;735;-2,25;-0,41;2,9;4,44;5,78;9,25;13,35
2020;16;2020-04-12;2020-04-15;2020-04-18;805;-3,9;-1;0,62;4,03;10,07;9,03;15,72
2020;17;2020-04-19;2020-04-22;2020-04-25;975;-5,62;-3,39;-1,73;2,72;7;8,8;14,72
2020;18;2020-04-26;2020-04-29;2020-05-02;980;1,85;4;7,85;9,7;11,6;15,37;19,83
2020;19;2020-05-03;2020-05-06;2020-05-09;820;-1,9;2,4;2,53;7,43;15,07;12,42;21,1
2020;20;2020-05-10;2020-05-13;2020-05-16;695;-1,15;3,22;4,6;8,49;13,53;13,71;18,6
2020;21;2020-05-17;2020-05-20;2020-05-23;615;6,55;8,81;13,8;15,77;19,9;22,7;28,32
2020;22;2020-05-24;2020-05-27;2020-05-30;585;6,9;15,05;15,12;21,83;27,73;28,55;35,97
2020;23;2020-05-31;2020-06-03;2020-06-06;400;2,22;7,91;8,47;14,07;21,6;20,2;29,95
2020;24;2020-06-07;2020-06-10;2020-06-13;320;6,8;10,49;11,88;16,71;20,85;22,89;27,08
2020;25;2020-06-14;2020-06-17;2020-06-20;350;6,6;12,63;14,18;20,81;26,73;28,96;33,33
2020;26;2020-06-21;2020-06-24;2020-06-27;350;15,18;17,75;19,92;23,37;27,25;28,95;34,55
2020;27;2020-06-28;2020-07-01;2020-07-04;260;14,53;17,21;21,27;22,8;25;28,38;30,82
2020;28;2020-07-05;2020-07-08;2020-07-11;300;12,95;18,14;21,38;24,72;29,1;31,26;35,65
2020;29;2020-07-12;2020-07-15;2020-07-18;300;14,43;17,82;20,4;22,92;25,3;27,98;30,7
2020;30;2020-07-19;2020-07-22;2020-07-25;285;14,22;17,31;20,55;22,86;26,8;28,39;32,45
2020;31;2020-07-26;2020-07-29;2020-08-01;280;15,15;18,81;21,32;23,75;27,27;28,66;31,82
2020;32;2020-08-02;2020-08-05;2020-08-08;280;13,9;16,2;19,45;20,77;22,95;25,31;27,75
2020;33;2020-08-09;2020-08-12;2020-08-15;300;15,68;18,14;21,58;23,38;26,55;28,55;32,33
2020;34;2020-08-16;2020-08-19;2020-08-22;280;9,6;14,06;15,47;19,18;22,55;24,27;27,75
2020;35;2020-08-23;2020-08-26;2020-08-29;310;6,85;12,4;12,2;17,27;22,75;22,11;27,25
2020;36;2020-08-30;2020-09-02;2020-09-05;310;9,28;12,55;15,35;17,34;20,37;22,08;24,2
2020;37;2020-09-06;2020-09-09;2020-09-12;300;5,65;9,86;11,97;14,75;18,35;19,61;25,4
2020;38;2020-09-13;2020-09-16;2020-09-19;325;0,6;5,86;7,25;11,3;17,2;16,71;22,77
2020;39;2020-09-20;2020-09-23;2020-09-26;320;0,83;5,59;8,6;12,5;17,65;19,39;26,58
2020;40;2020-09-27;2020-09-30;2020-10-03;365;4,32;11,06;8,72;15,11;21,38;19,13;27,05
2020;41;2020-10-04;2020-10-07;2020-10-10;350;0,5;5,38;5,6;10,71;14,85;15,99;23,2
2020;42;2020-10-11;2020-10-14;2020-10-17;375;0;4,41;5,35;9,15;15,43;13,86;22,4
2020;43;2020-10-18;2020-10-21;2020-10-24;310;2,92;5,41;8,05;10,43;15,45;15,41;22,2
2020;44;2020-10-25;2020-10-28;2020-10-31;340;-5,93;-2,24;-1,25;1,59;3,25;5,41;7,45
2020;45;2020-11-01;2020-11-04;2020-11-07;375;-2,38;1,32;-0,42;6,19;14,57;11,04;19,7
2020;46;2020-11-08;2020-11-11;2020-11-14;335;-4,85;2,79;0,52;8,6;14,5;14,39;22,42
2020;47;2020-11-15;2020-11-18;2020-11-21;330;-7;-4,03;-4,97;1,06;6,78;6,16;14
2020;48;2020-11-22;2020-11-25;2020-11-28;370;-7,2;-2,17;-3,2;0,29;4,2;2,75;6,38
2020;49;2020-11-29;2020-12-02;2020-12-05;360;-3,17;-0,15;0,15;2,94;6,97;5,99;10,68
2020;50;2020-12-06;2020-12-09;2020-12-12;360;-7,3;-4,2;-5,7;-1,88;2,1;0,47;4,38
2020;51;2020-12-13;2020-12-16;2020-12-19;355;-18,32;-12,31;-15,68;-8,13;2,35;-3,91;7,53
2020;52;2020-12-20;2020-12-23;2020-12-26;385;-10,45;-4,62;-5,2;-0,39;6,2;3,85;13,2
2020;53;2020-12-27;2020-12-30;2021-01-02;405;-9,45;-7,13;-6,25;-3,43;0,4;0,28;4,47
2021;1;2021-01-03;2021-01-06;2021-01-09;470;-11,53;-7,54;-8,22;-4,6;-2,58;-1,62;0,27
2021;2;2021-01-10;2021-01-13;2021-01-16;445;-13,38;-4,6;-9,18;-2,23;0,45;0,18;2,12
2021;3;2021-01-17;2021-01-20;2021-01-23;430;-17,3;-13,64;-13,07;-9,29;-2,08;-4,93;0,85
2021;4;2021-01-24;2021-01-27;2021-01-30;385;-20,73;-15,47;-16,3;-11,49;-4,27;-7,47;-1,82
2021;5;2021-01-31;2021-02-03;2021-02-06;445;-23,23;-11,49;-18,08;-7,32;-0,68;-3,1;1,9
2021;6;2021-02-07;2021-02-10;2021-02-13;380;-23,98;-17,17;-18,15;-12,86;-8;-8,53;-3,7
2021;7;2021-02-14;2021-02-17;2021-02-20;410;-19,4;-13,9;-13,2;-9,75;-7,32;-5,54;-2,58
2021;8;2021-02-21;2021-02-24;2021-02-27;350;-16,35;-9,01;-9,7;-4,52;1,3;-0,01;3,35
2021;9;2021-02-28;2021-03-03;2021-03-06;350;-18,27;-11,87;-13,18;-7,1;-0,52;-2,28;4,82
2021;10;2021-03-07;2021-03-10;2021-03-13;345;-16,18;-6,95;-9,47;-1,87;7,8;3,2;12,32
2021;11;2021-03-14;2021-03-17;2021-03-20;345;-16,15;-9,77;-11,25;-3,86;2,98;2,05;9,05
2021;12;2021-03-21;2021-03-24;2021-03-27;345;-3,1;1,13;2,88;7,64;13,43;14,13;20,15
2021;13;2021-03-28;2021-03-31;2021-04-03;325;-6,7;-2,59;-1,45;2,92;7,7;8,41;15,53
2021;14;2021-04-04;2021-04-07;2021-04-10;350;0,6;4,01;6,9;11,1;15,77;18,17;24,58
2021;15;2021-04-11;2021-04-14;2021-04-17;300;3,15;5,23;5,97;9,76;12,38;14,27;18,48
2021;16;2021-04-18;2021-04-21;2021-04-24;325;-3,05;2,33;0,7;7,27;13,5;12,16;20,5
2021;17;2021-04-25;2021-04-28;2021-05-01;315;-0,28;3,08;4,78;8,78;13,43;14,44;18,05
2021;18;2021-05-02;2021-05-05;2021-05-08;330;2,17;5,24;6,65;9,63;11,5;13,99;16,3
2021;19;2021-05-09;2021-05-12;2021-05-15;335;3,85;6,1;9,45;12,71;16,98;19,27;24,48
2021;20;2021-05-16;2021-05-19;2021-05-22;330;7,45;12,9;15,28;20,2;24,75;27,49;31,48
2021;21;2021-05-23;2021-05-26;2021-05-29;305;1,7;7,38;7,75;14,31;24,18;21,2;30,25
2021;22;2021-05-30;2021-06-02;2021-06-05;300;6,55;12,79;12,93;18,32;22,35;23,83;27,48
2021;23;2021-06-06;2021-06-09;2021-06-12;275;11,07;16,66;17,4;22,59;27,55;28,49;33,1
2021;24;2021-06-13;2021-06-16;2021-06-19;280;10,1;13,22;16,07;19,17;20,9;25,09;28,8
2021;25;2021-06-20;2021-06-23;2021-06-26;295;7,35;13,62;14,6;19,68;23,4;25,68;29,5
2021;26;2021-06-27;2021-06-30;2021-07-03;320;12,88;18,06;16,02;22,25;26,82;26,39;32,2
2021;27;2021-07-04;2021-07-07;2021-07-10;295;11,6;13,36;16,32;18,61;22,95;23,82;28,55
2021;28;2021-07-11;2021-07-14;2021-07-17;295;14;17,84;20,27;22,48;24,62;27,09;29,75
2021;29;2021-07-18;2021-07-21;2021-07-24;295;12,37;15,3;19,23;20,78;22,68;26,23;28,32
2021;30;2021-07-25;2021-07-28;2021-07-31;300;11,5;14,49;16,1;19,01;22,77;23,5;28,12
2021;31;2021-08-01;2021-08-04;2021-08-07;310;13,2;15,53;16,55;20,85;24,42;26,13;29,88
2021;32;2021-08-08;2021-08-11;2021-08-14;300;15,22;19,94;20,95;24,87;26,67;29,75;31,68
2021;33;2021-08-15;2021-08-18;2021-08-21;315;11,3;17,02;18,15;22,59;27,15;28,13;33,52
2021;34;2021-08-22;2021-08-25;2021-08-28;270;15,1;19,57;17,55;24,38;27,4;29,16;32,83
2021;35;2021-08-29;2021-09-01;2021-09-04;295;10,38;13,95;15,25;19,06;24,67;24,13;28,87
2021;36;2021-09-05;2021-09-08;2021-09-11;345;12,3;13,77;16,82;17,82;18,98;21,84;23,4
2021;37;2021-09-12;2021-09-15;2021-09-18;340;8,9;11,26;15,2;17,25;18,77;23,19;26,9
2021;38;2021-09-19;2021-09-22;2021-09-25;315;8,25;13,3;14,62;18,45;24,15;23,56;28,85
2021;39;2021-09-26;2021-09-29;2021-10-02;305;5,15;8,16;10,57;12,18;15,88;16,18;19,88
2021;40;2021-10-03;2021-10-06;2021-10-09;335;6,58;7,57;11,78;13,57;14,93;19,54;22,65
2021;41;2021-10-10;2021-10-13;2021-10-16;360;11,43;12,9;15,32;16,77;17,95;20,61;23,8
2021;42;2021-10-17;2021-10-20;2021-10-23;315;0,78;5,17;4,62;9,05;11,1;12,9;18,32
2021;43;2021-10-24;2021-10-27;2021-10-30;360;0,65;3,1;4,88;7,21;9,35;11,28;12,9
2021;44;2021-10-31;2021-11-03;2021-11-06;370;-4,6;0,2;0,78;4,5;9,33;8,75;11,03
2021;45;2021-11-07;2021-11-10;2021-11-13;375;-2,4;1,28;2,88;6,42;9,8;11,55;15,03
2021;46;2021-11-14;2021-11-17;2021-11-20;370;-6;-1,76;-1,88;1,44;5,1;4,62;8,32
2021;47;2021-11-21;2021-11-24;2021-11-27;325;-8,97;-4,37;-4,45;-1,03;3,78;2,33;7,15
2021;48;2021-11-28;2021-12-01;2021-12-04;365;-11,1;-7,46;-7,88;-3,99;1,57;-0,5;6,05
2021;49;2021-12-05;2021-12-08;2021-12-11;355;-11,75;-8,71;-9,62;-4,29;3,75;0,14;10,93
2021;50;2021-12-12;2021-12-15;2021-12-18;350;-7,82;-3,02;-4,22;1,59;7,53;6,2;15,07
2021;51;2021-12-19;2021-12-22;2021-12-25;375;-17,92;-13,28;-13;-8,16;-2,83;-3,01;1,7
2021;52;2021-12-26;2021-12-29;2022-01-01;395;-11,82;-6,93;-8,1;-4,32;-0,65;-1,68;1,25
2022;1;2022-01-02;2022-01-05;2022-01-08;415;-22,15;-15,26;-17,65;-9,95;-2,42;-4,6;1,65
2022;2;2022-01-09;2022-01-12;2022-01-15;500;-26,08;-19,49;-22,73;-14,42;-4,38;-9,29;2,38
2022;3;2022-01-16;2022-01-19;2022-01-22;490;-29,23;-23,19;-23,17;-16,7;-10,12;-10,17;-3,4
2022;4;2022-01-23;2022-01-26;2022-01-29;480;-27,1;-23,97;-21,6;-17,17;-14,15;-10,3;-4,85
2022;5;2022-01-30;2022-02-02;2022-02-05;460;-20,62;-15,25;-16,1;-10,38;0,3;-5,47;4,18
2022;6;2022-02-06;2022-02-09;2022-02-12;400;-22,45;-9,88;-14,95;-4,71;2,38;0,48;5,03
2022;7;2022-02-13;2022-02-16;2022-02-19;350;-21,1;-15,78;-17,75;-10,08;0,75;-4,33;6
2022;8;2022-02-20;2022-02-23;2022-02-26;355;-20,15;-14,88;-13,97;-8,44;-2,48;-1,98;4,73
2022;9;2022-02-27;2022-03-02;2022-03-05;310;-18,73;-16,51;-15,12;-10,85;-7,68;-5,14;-0,68
2022;10;2022-03-06;2022-03-09;2022-03-12;340;-7,03;-4,45;-3,98;-0,88;3,62;2,71;10,7
2022;11;2022-03-13;2022-03-16;2022-03-19;345;-10,62;-3,38;-7,3;1,04;7,8;5,47;15,18
2022;12;2022-03-20;2022-03-23;2022-03-26;330;-5,8;-1,03;-0,88;2,5;4,88;5,99;8,4
2022;13;2022-03-27;2022-03-30;2022-04-02;310;-12,28;-5,71;-9,75;-1,43;4,7;2,85;9,22
2022;14;2022-04-03;2022-04-06;2022-04-09;345;-2,35;-0,35;2,2;4,4;6,68;9,1;13,65
2022;15;2022-04-10;2022-04-13;2022-04-16;330;-1,53;2,62;4,5;7,31;11,57;11,98;17,05
2022;16;2022-04-17;2022-04-20;2022-04-23;330;-3,22;-0,46;2,4;4,44;7,03;9,31;12,32
2022;17;2022-04-24;2022-04-27;2022-04-30;310;-0,03;3,16;5,42;8,51;12,22;13,82;19,18
2022;18;2022-05-01;2022-05-04;2022-05-07;315;2,02;5,35;8,32;11,21;14,3;17,04;19,52
2022;19;2022-05-08;2022-05-11;2022-05-14;385;2,85;9,71;10,8;18,37;23,9;26,98;31,5
2022;20;2022-05-15;2022-05-18;2022-05-21;340;5,5;10,8;9,7;16,3;24,75;21,77;31,5
