YEAR;WEEK;START_DATE;MID_DATE;END_DATE;N_DEATH;T_MIN_WMEAN;T_MEAN_WMEAN;T_MAX_WMEAN;HMDX_MIN_WMEAN;HMDX_MEAN_WMEAN;HMDX_MAX_WMEAN;TDEW_MEAN_WMEAN;WDCHL_MEAN_WMEAN;RELH_MEAN_WMEAN;PRES_MEAN_WMEAN;WDSPD_MEAN_WMEAN;PRCIP_SUM_WSUM;VISB_MEAN_WMEAN
2010;1;2010-01-03;2010-01-06;2010-01-09;378;-9,73;-8,04;-6,09;;;;-11,14;-14,32;78,97;100,23;16,55;0;21,45
2010;2;2010-01-10;2010-01-13;2010-01-16;367;-8,73;-5,81;-2,53;;;;-9,44;-13,7;75,85;101,36;11,66;0;21,42
2010;3;2010-01-17;2010-01-20;2010-01-23;336;-7,72;-4,69;-1,35;;;;-7,83;-8,91;79,64;101,22;9,45;0;19,29
2010;4;2010-01-24;2010-01-27;2010-01-30;349;-8,91;-5,64;-2,46;;;;-9,77;-21,58;73,34;100,51;17,8;0;20,98
2010;5;2010-01-31;2010-02-03;2010-02-06;380;-14,44;-10,46;-6,58;;;;-16,21;-15,53;63,54;101,45;11,29;0;26,69
2010;6;2010-02-07;2010-02-10;2010-02-13;331;-10,21;-7,13;-4,1;;;;-12,13;-12,46;68,01;100,27;14,44;0;28,31
2010;7;2010-02-14;2010-02-17;2010-02-20;391;-4,56;-2,41;-0,55;;;;-6,24;-7,51;75,58;99,56;15,14;0;22
2010;8;2010-02-21;2010-02-24;2010-02-27;340;-1,91;-0,14;1,87;;;;-2,61;-8,36;83,89;100,24;18,51;0;18,68
2010;9;2010-02-28;2010-03-03;2010-03-06;366;-2,06;0,96;4,43;;;;-5,84;;62,86;100,75;11,84;0;29,66
2010;10;2010-03-07;2010-03-10;2010-03-13;338;-1,39;3,13;7,84;;;;-6,05;;53,02;101,1;13,77;0;32,17
2010;11;2010-03-14;2010-03-17;2010-03-20;347;2,34;7,04;11,87;;;;-2,6;;51,95;100,71;14,72;0;31,74
2010;12;2010-03-21;2010-03-24;2010-03-27;344;-3,03;0,8;4,84;;;;-7,34;-9,14;58,7;101,06;13,45;0;26,3
2010;13;2010-03-28;2010-03-31;2010-04-03;362;3,28;8,31;13,52;;;;2,68;;70,68;100,93;12,62;0;27,64
2010;14;2010-04-04;2010-04-07;2010-04-10;308;6,69;10,23;13,83;;;;2,74;;62,17;100,44;16,16;0;28,13
2010;15;2010-04-11;2010-04-14;2010-04-17;330;3,34;7,65;11,8;;;;-2,13;;55,64;101,58;12,13;0;32,19
2010;16;2010-04-18;2010-04-21;2010-04-24;339;4,76;10,29;15,18;;;;1,42;;57,42;100,56;10,18;0;34,4
2010;17;2010-04-25;2010-04-28;2010-05-01;415;4,8;9,75;15,03;;;;-0,5;;53,38;99,65;14,22;0;30,52
2010;18;2010-05-02;2010-05-05;2010-05-08;289;9,57;14,41;18,73;;;;8,23;;68,18;99,86;13,88;0;30,29
2010;19;2010-05-09;2010-05-12;2010-05-15;307;4,69;9,22;13,5;;;;0,61;;58,82;101,39;12,9;0;32,5
2010;20;2010-05-16;2010-05-19;2010-05-22;290;10,48;17,43;23,77;;;;4,85;;47,69;101,29;9,02;0;35,64
2010;21;2010-05-23;2010-05-26;2010-05-29;373;17,2;22,91;28,4;25;31,9;39,5;12,42;;53,73;101,03;10,2;0;32,04
2010;22;2010-05-30;2010-06-02;2010-06-05;312;14,35;18,49;22,51;;;;11,57;;67,37;100,24;10,03;0;26,42
2010;23;2010-06-06;2010-06-09;2010-06-12;303;11,55;15,19;18,4;;;;10,04;;73,9;100,7;10,75;0;30,08
2010;24;2010-06-13;2010-06-16;2010-06-19;302;14,2;19,12;24,11;;;;12,44;;67,99;100,81;10,21;0;25,56
2010;25;2010-06-20;2010-06-23;2010-06-26;292;16,84;20,76;24,28;;;;14,85;;71,13;100,61;10,85;0;29,41
2010;26;2010-06-27;2010-06-30;2010-07-03;314;14,98;18,99;23,28;;;;13,24;;71,04;100,58;12,74;0;30,32
2010;27;2010-07-04;2010-07-07;2010-07-10;429;22,28;26,59;31,4;30,42;35,59;40,67;20,24;;69,72;100,7;10,71;0;23,92
2010;28;2010-07-11;2010-07-14;2010-07-17;345;20,49;24,3;28,51;27,38;30,85;35,39;18,68;;72,57;100,55;9,64;0;26,34
2010;29;2010-07-18;2010-07-21;2010-07-24;355;18;21,79;25,92;;;;17,11;;76,51;100,47;8,64;0;25,8
2010;30;2010-07-25;2010-07-28;2010-07-31;317;16,24;20,74;24,64;;;;13,07;;62,79;100,66;12,21;0;34,21
2010;31;2010-08-01;2010-08-04;2010-08-07;297;16,23;20,68;25,08;27,88;30,8;35,75;15,54;;74,77;100,45;9,81;0;26,78
2010;32;2010-08-08;2010-08-11;2010-08-14;322;17,06;21,34;25,84;26,67;29,64;33,67;16,11;;73,78;100,84;9,14;0;27,17
2010;33;2010-08-15;2010-08-18;2010-08-21;320;16,15;20,13;24,24;25;28,35;31,5;14,17;;70,08;100,8;10,99;0;34,24
2010;34;2010-08-22;2010-08-25;2010-08-28;275;15,17;18,94;22,75;;;;14,42;;76,64;101,12;11,54;0;28,8
2010;35;2010-08-29;2010-09-01;2010-09-04;299;20,12;24,64;29,35;29,06;33,9;39;18,38;;69,47;100,6;13,06;0;24,37
2010;36;2010-09-05;2010-09-08;2010-09-11;316;12,7;16,73;20,86;;;;11,52;;73,1;100,52;12,44;0;32,34
2010;37;2010-09-12;2010-09-15;2010-09-18;317;10,12;13,86;17,66;;;;9,67;;76,87;100,92;11,12;0;30,75
2010;38;2010-09-19;2010-09-22;2010-09-25;335;10,03;14,33;19,18;;;;9,34;;73,47;100,94;10,54;0;30,3
2010;39;2010-09-26;2010-09-29;2010-10-02;313;10,81;13,89;16,84;;;;11,3;;84,86;100,62;12,07;0;23,14
2010;40;2010-10-03;2010-10-06;2010-10-09;318;7;10,38;13,99;;;;4,69;;69,92;100,94;12,37;0;30,31
2010;41;2010-10-10;2010-10-13;2010-10-16;343;5,24;8,94;13,06;;;;3,42;;70,43;100,32;11,98;0;31,68
2010;42;2010-10-17;2010-10-20;2010-10-23;335;2,43;6,55;10,62;;;;0,26;;65,55;100,32;13,52;0;31,99
2010;43;2010-10-24;2010-10-27;2010-10-30;360;4,92;8,07;10,73;;;;3,47;;75,45;100,46;12,65;0;20,78
2010;44;2010-10-31;2010-11-03;2010-11-06;338;0,85;3,19;5,39;;;;-0,46;;77,98;101,11;10,6;0;24,64
2010;45;2010-11-07;2010-11-10;2010-11-13;333;-0,36;3,65;7,89;;;;-1,2;;72,04;101,91;9,44;0;26,75
2010;46;2010-11-14;2010-11-17;2010-11-20;347;1,21;4,84;8,12;;;;-0,12;;71,37;100,81;13,6;0;27,23
2010;47;2010-11-21;2010-11-24;2010-11-27;320;-3,78;-0,42;2,93;;;;-5,57;-7,59;70,18;100,88;13,92;0;22,68
2010;48;2010-11-28;2010-12-01;2010-12-04;368;-1,52;1,86;4,64;;;;-1,6;-6,99;78,3;101,21;13,02;0;25,05
2010;49;2010-12-05;2010-12-08;2010-12-11;323;-9;-6,51;-4,64;;;;-9,24;-12,94;81,17;100,36;15,49;0;16,78
2010;50;2010-12-12;2010-12-15;2010-12-18;355;-10,72;-7,24;-4,34;;;;-9,28;-15,88;85,46;99,89;11,72;0;15,35
2010;51;2010-12-19;2010-12-22;2010-12-25;374;-8,96;-6;-3,68;;;;-7,99;-9,25;86,06;101,13;7,85;0;18,06
2010;52;2010-12-26;2010-12-29;2011-01-01;397;-8,63;-5,43;-2,82;;;;-9,41;-13,97;74,07;100,77;11,26;0;25,82
2011;1;2011-01-02;2011-01-05;2011-01-08;391;-7,44;-4,67;-2,04;;;;-8,13;-10,09;77,46;100,18;11,67;0;20,83
2011;2;2011-01-09;2011-01-12;2011-01-15;434;-10,41;-7,94;-6,1;;;;-11,34;-12,81;76,96;101,25;13,58;0;21,71
2011;3;2011-01-16;2011-01-19;2011-01-22;398;-15,52;-11,67;-8,8;;;;-15,42;-16,85;74,17;100,87;11,05;0;23,46
2011;4;2011-01-23;2011-01-26;2011-01-29;364;-15,9;-12,45;-9,21;;;;-16,18;-17,3;74,43;101,13;9,46;0;18,33
2011;5;2011-01-30;2011-02-02;2011-02-05;367;-13,5;-10,39;-7,64;;;;-15,23;-17,14;68,76;101,51;12,14;0;23,06
2011;6;2011-02-06;2011-02-09;2011-02-12;381;-10,65;-6,55;-2,8;;;;-10,37;-14,9;75,11;100,49;14,1;0;18,83
2011;7;2011-02-13;2011-02-16;2011-02-19;358;-9,6;-4,83;0,37;;;;-9,52;-12,73;70,68;100,5;12,53;0;20,52
2011;8;2011-02-20;2011-02-23;2011-02-26;358;-13,19;-9,08;-5,55;;;;-16,02;-13,52;58,73;101,41;10,4;0;29,51
2011;9;2011-02-27;2011-03-02;2011-03-05;373;-11,04;-5,71;-1,43;;;;-11,51;-14,1;65,25;101,6;13,31;0;25,03
2011;10;2011-03-06;2011-03-09;2011-03-12;401;-6,32;-2,64;1,04;;;;-5,69;-12,64;80,36;101,55;13,67;0;17,83
2011;11;2011-03-13;2011-03-16;2011-03-19;331;-2;1,55;4,67;;;;-3,39;;71,05;101,39;11,29;0;22,52
2011;12;2011-03-20;2011-03-23;2011-03-26;316;-5,48;-2,01;1,2;;;;-8,33;-8,39;63,83;101,1;12,06;0;27,26
2011;13;2011-03-27;2011-03-30;2011-04-02;395;-2,83;0,91;5,05;;;;-7,52;-10,08;55,74;100,4;13,26;0;30,87
2011;14;2011-04-03;2011-04-06;2011-04-09;359;0,01;4,53;9,1;;;;-4,25;;56,67;100,49;12,58;0;30,75
2011;15;2011-04-10;2011-04-13;2011-04-16;352;2,48;6,63;11,25;;;;-1,32;;60,59;101,11;13,89;0;27,85
2011;16;2011-04-17;2011-04-20;2011-04-23;338;1,06;4,53;8,37;;;;-1,6;;67,33;100,84;17,17;0;28,05
2011;17;2011-04-24;2011-04-27;2011-04-30;329;6,72;10,81;15,31;;;;5,22;;71,03;100,61;12,77;0;28,71
2011;18;2011-05-01;2011-05-04;2011-05-07;322;6,53;10,2;13,8;;;;4,51;;71,57;100,95;12,24;0;25,93
2011;19;2011-05-08;2011-05-11;2011-05-14;317;8,26;13,51;18,32;;;;5,26;;60,19;101,11;14,94;0;33,41
2011;20;2011-05-15;2011-05-18;2011-05-21;300;10,23;13,31;16,84;;;;9,86;;81,22;101,05;16,34;0;22,79
2011;21;2011-05-22;2011-05-25;2011-05-28;280;11,11;15,35;19,5;;;;11,54;;79,16;100,62;12,97;0;24,2
2011;22;2011-05-29;2011-06-01;2011-06-04;305;14,05;18,65;23,28;;;;10,03;;60,26;100,93;12,58;0;30,01
2011;23;2011-06-05;2011-06-08;2011-06-11;337;16,13;20,69;25,66;25,33;31,04;39;12,23;;60,18;100,75;11,09;0;28,76
2011;24;2011-06-12;2011-06-15;2011-06-18;309;14,94;19,33;23,86;;;;12,43;;68,2;100,51;11,41;0;24,4
2011;25;2011-06-19;2011-06-22;2011-06-25;261;14,91;19,34;23,57;;;;12,28;;67,05;100,45;11,39;0;28,3
2011;26;2011-06-26;2011-06-29;2011-07-02;295;16,41;20,52;24,68;;;;15,04;;72,56;100,66;10,53;0;31,34
2011;27;2011-07-03;2011-07-06;2011-07-09;290;17,68;22,55;27,17;26;30,36;35,5;14,18;;61,57;100,47;10,69;0;33,31
2011;28;2011-07-10;2011-07-13;2011-07-16;298;17,79;22,85;27,64;26,33;31,17;36,17;14,73;;62,36;100,69;8,89;0;33,09
2011;29;2011-07-17;2011-07-20;2011-07-23;335;21,66;26;30,81;28,5;33,37;38,6;17,65;;61,61;100,3;13,69;0;32,21
2011;30;2011-07-24;2011-07-27;2011-07-30;304;17,22;21,87;26,57;26,67;30,74;34;15,11;;67,93;100,56;9;0;33,94
2011;31;2011-07-31;2011-08-03;2011-08-06;278;17,05;22,21;27,19;26;31,42;37;16;;69,82;100,62;9,11;0;32,15
2011;32;2011-08-07;2011-08-10;2011-08-13;312;17,86;21,48;26,04;28;31,04;36;16,17;;73,36;100,03;11,33;0;28,54
2011;33;2011-08-14;2011-08-17;2011-08-20;306;17,49;21,6;26,2;25;27,96;31;15,81;;71,32;100,66;8,95;0;30,22
2011;34;2011-08-21;2011-08-24;2011-08-27;285;16,22;19,6;23,19;;;;14,39;;73,05;100,48;11,58;0;30,67
2011;35;2011-08-28;2011-08-31;2011-09-03;308;15,96;19,93;24,2;26;29,77;34,25;14,25;;71,02;100,81;12,71;0;26,6
2011;36;2011-09-04;2011-09-07;2011-09-10;284;14,94;18,18;21,78;;;;13,38;;74,7;100,94;9,73;0;27,49
2011;37;2011-09-11;2011-09-14;2011-09-17;315;11,56;15,26;19,52;;;;9,94;;71,92;101,11;10,2;0;30,68
2011;38;2011-09-18;2011-09-21;2011-09-24;321;12,52;16,89;21,22;;;;12,25;;75,81;101,49;8,71;0;27,76
2011;39;2011-09-25;2011-09-28;2011-10-01;307;12,73;16,65;20,82;;;;11,96;;74,97;100,64;11,94;0;24,96
2011;40;2011-10-02;2011-10-05;2011-10-08;334;7,49;11,63;15,3;;;;6,43;;73,23;101,67;11,88;0;26,8
2011;41;2011-10-09;2011-10-12;2011-10-15;317;11;14,94;19,22;;;;9,2;;70,24;100,76;12,93;0;27,49
2011;42;2011-10-16;2011-10-19;2011-10-22;327;7,71;10,1;12,33;;;;6,18;;77,14;100,01;15,92;0;25,96
2011;43;2011-10-23;2011-10-26;2011-10-29;327;1,77;5,33;8,5;;;;-0,37;;67,85;101,05;9,64;0;31,64
2011;44;2011-10-30;2011-11-02;2011-11-05;304;1,49;5,75;10,37;;;;-0,27;;66,53;101,75;8,59;0;29,37
2011;45;2011-11-06;2011-11-09;2011-11-12;298;3,35;7,71;11,91;;;;1,13;;64,47;100,98;11,34;0;27,84
2011;46;2011-11-13;2011-11-16;2011-11-19;339;3,47;7,28;10,53;;;;1,52;;67,92;100,53;11,72;0;30,06
2011;47;2011-11-20;2011-11-23;2011-11-26;339;-1,7;2;5,01;;;;-2,4;-5,55;73,59;101,45;10,51;0;23,55
2011;48;2011-11-27;2011-11-30;2011-12-03;345;-0,4;3,13;6,15;;;;-0,42;;77,93;101,3;12,42;0;25,24
2011;49;2011-12-04;2011-12-07;2011-12-10;341;-0,35;1,99;4,38;;;;-1,51;;78,49;101,39;11,55;0;21,44
2011;50;2011-12-11;2011-12-14;2011-12-17;334;-2,29;0,55;3,84;;;;-3,76;-11,58;73,84;101,66;11,76;0;23,13
2011;51;2011-12-18;2011-12-21;2011-12-24;326;-9,16;-5,14;-1,48;;;;-9,41;-11,61;72,71;101,34;9,76;0;23,21
2011;52;2011-12-25;2011-12-28;2011-12-31;349;-11,8;-7,48;-3,53;;;;-10,72;-14,86;77,85;100,66;13,79;0;22,13
2012;1;2012-01-01;2012-01-04;2012-01-07;352;-11,13;-7,16;-2,67;;;;-11,16;-19,04;73,87;100,39;12,57;0;18,78
2012;2;2012-01-08;2012-01-11;2012-01-14;384;-11,48;-7,35;-2,94;;;;-11,38;-16,68;73,42;100,63;15,54;0;19,9
2012;3;2012-01-15;2012-01-18;2012-01-21;397;-17,4;-12,07;-5,42;;;;-16,75;-17,39;68,88;101,38;13,34;0;26,68
2012;4;2012-01-22;2012-01-25;2012-01-28;382;-8;-3,55;0,22;;;;-7,24;-12;76,19;101,03;13,15;0;22,52
2012;5;2012-01-29;2012-02-01;2012-02-04;351;-8,86;-6,09;-3,34;;;;-10,21;-11,74;73,48;101,39;11,12;0;21,94
2012;6;2012-02-05;2012-02-08;2012-02-11;360;-8,93;-4,46;0,49;;;;-10,1;-12,99;65,76;101,11;13,58;0;26,13
2012;7;2012-02-12;2012-02-15;2012-02-18;337;-6,47;-3,1;0,17;;;;-8,23;-15,7;68,54;100,86;11,56;0;25,24
2012;8;2012-02-19;2012-02-22;2012-02-25;352;-5,08;-1,58;1,46;;;;-5,5;-8,64;75,47;100,24;11,52;0;24,59
2012;9;2012-02-26;2012-02-29;2012-03-03;351;-8,42;-5,19;-2,28;;;;-9,56;-11,52;72,65;101,17;15,32;0;22,32
2012;10;2012-03-04;2012-03-07;2012-03-10;372;-8,54;-3,16;1,41;;;;-10,07;-11,67;59,73;101,28;13,28;0;30,96
2012;11;2012-03-11;2012-03-14;2012-03-17;373;0,08;3,52;7,15;;;;0,23;;80,98;101,56;8,85;0;18,48
2012;12;2012-03-18;2012-03-21;2012-03-24;359;7,11;13,29;19,82;;;;4,6;;58,95;101,59;8,97;0;29,49
2012;13;2012-03-25;2012-03-28;2012-03-31;324;-2,23;1,49;5,82;;;;-7,11;;56,22;100,89;12,5;0;31,11
2012;14;2012-04-01;2012-04-04;2012-04-07;329;0,41;4,51;8,47;;;;-6,94;;46,39;100,59;13,13;0;32,94
2012;15;2012-04-08;2012-04-11;2012-04-14;317;3,73;7,94;12,14;;;;-1;;56,7;100,44;11,98;0;32,34
2012;16;2012-04-15;2012-04-18;2012-04-21;334;5,7;11,3;16,94;;;;3,41;;61,14;100,89;14,23;0;30,98
2012;17;2012-04-22;2012-04-25;2012-04-28;330;1,85;4,73;7,82;;;;-0,89;;69,35;100,17;17,83;0;29,03
2012;18;2012-04-29;2012-05-02;2012-05-05;311;6,13;10,22;13,93;;;;2,88;;65,32;101,3;10,04;0;25,71
2012;19;2012-05-06;2012-05-09;2012-05-12;325;8,36;13,27;18,02;;;;3,79;;58,4;100,59;11,27;0;29,86
2012;20;2012-05-13;2012-05-16;2012-05-19;364;10,8;16,43;21,54;;;;7,87;;60,2;101,19;9,87;0;34,14
2012;21;2012-05-20;2012-05-23;2012-05-26;322;15,34;21,08;26,14;;;;12,97;;63,06;101,16;10,34;0;28,3
2012;22;2012-05-27;2012-05-30;2012-06-02;263;12,49;16,65;20,67;;;;8,84;;62,4;100,61;11,17;0;31,35
2012;23;2012-06-03;2012-06-06;2012-06-09;315;11,51;16,25;20,89;;;;9,3;;65,75;100,57;10,84;0;32,82
2012;24;2012-06-10;2012-06-13;2012-06-16;314;14,57;20,26;25,29;;;;11,26;;59,02;101,45;10,14;0;35,32
2012;25;2012-06-17;2012-06-20;2012-06-23;317;19,64;24,35;28,68;28,33;33,27;37,94;15,85;;60,78;100,7;12,14;0;30,72
2012;26;2012-06-24;2012-06-27;2012-06-30;304;16,53;20,32;24,7;;;;13,46;;67,07;99,96;12,9;0;30,54
2012;27;2012-07-01;2012-07-04;2012-07-07;333;18,16;22,89;27,61;26,33;29,67;33,67;15,37;;64,3;100,41;10,04;0;33,81
2012;28;2012-07-08;2012-07-11;2012-07-14;324;17,31;23,19;28,34;25,83;31,39;36,67;11,04;;48,47;101,15;11,09;0;37,93
2012;29;2012-07-15;2012-07-18;2012-07-21;343;16,8;21,88;26,56;27,17;31,52;36,67;14,45;;64,88;100,77;8,54;0;31,76
2012;30;2012-07-22;2012-07-25;2012-07-28;330;17,86;22,1;26,22;26;30,96;37;14,97;;65,68;100,44;10,2;0;30,85
2012;31;2012-07-29;2012-08-01;2012-08-04;311;19,15;24,3;29,29;26,17;30,56;35,42;16,95;;65,39;100,84;9,67;0;30,25
2012;32;2012-08-05;2012-08-08;2012-08-11;300;18,2;21,75;25,99;28,33;34,12;40,33;16,96;;75,97;100,71;11,89;0;26,99
2012;33;2012-08-12;2012-08-15;2012-08-18;294;17,78;21,2;25,1;26;28;30;15,91;;73,12;100,55;8,7;0;27,58
2012;34;2012-08-19;2012-08-22;2012-08-25;308;15,93;21,22;26,16;;;;12,73;;60,25;101,18;8,8;0;35,83
2012;35;2012-08-26;2012-08-29;2012-09-01;298;17,01;21,85;26,28;25,75;29,88;33,62;13,35;;60,67;100,92;13,63;0;33,27
2012;36;2012-09-02;2012-09-05;2012-09-08;324;16,06;21,33;26,45;;;;14,28;;66,67;100,63;9,04;0;29,69
2012;37;2012-09-09;2012-09-12;2012-09-15;292;11,33;17,2;22,42;;;;10,27;;65,72;101,36;11,49;0;32,81
2012;38;2012-09-16;2012-09-19;2012-09-22;322;10,41;14,67;19,09;;;;9,5;;73,14;100,83;12,5;0;29,72
2012;39;2012-09-23;2012-09-26;2012-09-29;299;8,14;12,41;16,59;;;;6,99;;71,05;101,14;11,58;0;31,76
2012;40;2012-09-30;2012-10-03;2012-10-06;265;11,07;13,87;17,01;;;;11,35;;85,41;100,69;10,31;0;18,97
2012;41;2012-10-07;2012-10-10;2012-10-13;328;3,32;7,66;11,21;;;;1,66;;67,66;101,37;12,27;0;31,69
2012;42;2012-10-14;2012-10-17;2012-10-20;330;6,67;10,73;14,38;;;;6,3;;76;100,38;11,17;0;22,63
2012;43;2012-10-21;2012-10-24;2012-10-27;363;6,61;10,32;14,28;;;;5,02;;70,93;101,25;10,59;0;25,98
2012;44;2012-10-28;2012-10-31;2012-11-03;348;7,47;9,83;12,16;;;;6,7;;81,41;99,86;15,81;0;23,91
2012;45;2012-11-04;2012-11-07;2012-11-10;341;-2,2;1,03;3,68;;;;-5,13;;64,4;101,46;11,45;0;28,79
2012;46;2012-11-11;2012-11-14;2012-11-17;320;-2,35;2,44;7,71;;;;-2,74;;70,3;102,5;10,12;0;26,56
2012;47;2012-11-18;2012-11-21;2012-11-24;297;-2,08;2,46;7,97;;;;-2,78;;70,12;101,54;8,97;0;22,8
2012;48;2012-11-25;2012-11-28;2012-12-01;320;-8,5;-5,26;-2,09;;;;-10,07;-11,12;69,62;101,71;11,53;0;26,68
2012;49;2012-12-02;2012-12-05;2012-12-08;356;-1,25;2,53;6,28;;;;-0,9;-5,88;78,81;101,23;10,57;0;22,67
2012;50;2012-12-09;2012-12-12;2012-12-15;335;-6,98;-3,11;0,46;;;;-6,31;-11,81;79,03;101,52;10,96;0;22,13
2012;51;2012-12-16;2012-12-19;2012-12-22;420;-3,18;-1,36;0,85;;;;-2,94;-15,03;89,06;100,15;16,18;0;12,53
2012;52;2012-12-23;2012-12-26;2012-12-29;467;-11,7;-8,91;-6,79;;;;-11,52;-14,47;81,75;101,1;13,33;0;21,23
2013;1;2012-12-30;2013-01-02;2013-01-05;459;-17,24;-11,33;-5,58;;;;-15,6;-20,36;71,31;100,96;12,93;0;22,04
2013;2;2013-01-06;2013-01-09;2013-01-12;491;-5,9;-2,38;0,61;;;;-5,65;-15,15;78,73;101,61;11,62;0;21,88
2013;3;2013-01-13;2013-01-16;2013-01-19;424;-7,25;-3,41;0,92;;;;-7,91;-13,14;72,47;101,2;11,82;0;22,6
2013;4;2013-01-20;2013-01-23;2013-01-26;403;-21,2;-16,74;-13,13;;;;-22,3;-26,22;62,46;101,28;14,66;0;28,16
2013;5;2013-01-27;2013-01-30;2013-02-02;411;-11,98;-7,47;-3,48;;;;-11,73;-17,13;72,12;100,69;14,65;0;21,17
2013;6;2013-02-03;2013-02-06;2013-02-09;373;-16,91;-13,01;-9,58;;;;-18,59;-19,46;64,6;101,46;14,24;0;23,92
2013;7;2013-02-10;2013-02-13;2013-02-16;370;-6,13;-3,27;0,47;;;;-7,73;-13,98;72,29;100,66;11,52;0;25,49
2013;8;2013-02-17;2013-02-20;2013-02-23;362;-10,6;-6,68;-3,31;;;;-10,79;-15,62;73,88;100,89;14,79;0;21,7
2013;9;2013-02-24;2013-02-27;2013-03-02;360;-1,1;0,28;1,66;;;;-1,61;-6,38;87,54;100,69;10,51;0;12,79
2013;10;2013-03-03;2013-03-06;2013-03-09;332;-3,73;-1,39;1,43;;;;-5,32;-10,61;75,54;101,38;14,47;0;24,26
2013;11;2013-03-10;2013-03-13;2013-03-16;332;-3,54;-0,34;2,84;;;;-5,51;-11,27;69,32;100,62;12,04;0;23,1
2013;12;2013-03-17;2013-03-20;2013-03-23;373;-6,7;-3,51;-0,69;;;;-9,1;-9,14;67,95;100,57;14,32;0;24,06
2013;13;2013-03-24;2013-03-27;2013-03-30;312;-0,55;3,39;6,8;;;;-3,32;;63,36;100,72;10,19;0;28,96
2013;14;2013-03-31;2013-04-03;2013-04-06;331;-3,91;0,91;4,8;;;;-7,95;-9,77;53,59;100,75;17,67;0;31,49
2013;15;2013-04-07;2013-04-10;2013-04-13;322;1,12;4,16;6,99;;;;-1,72;;68,11;100,92;13,63;0;23,64
2013;16;2013-04-14;2013-04-17;2013-04-20;382;3,55;8,54;13,21;;;;1,27;;62,43;101,05;16,46;0;31,12
2013;17;2013-04-21;2013-04-24;2013-04-27;312;2,29;7,74;13,12;;;;-2,31;;52,04;102,08;12,51;0;34,22
2013;18;2013-04-28;2013-05-01;2013-05-04;342;9,77;16,63;22,59;;;;4,91;;48,92;101,96;8,71;0;34,04
2013;19;2013-05-05;2013-05-08;2013-05-11;341;12,47;18,44;24,24;;;;6,8;;51,82;100,94;10,91;0;34,36
2013;20;2013-05-12;2013-05-15;2013-05-18;316;5,23;11;15,79;;;;2,38;;58,43;100,7;13,61;0;34,05
2013;21;2013-05-19;2013-05-22;2013-05-25;312;10,81;14,42;18;;;;10,56;;78,53;100,82;12,56;0;22,64
2013;22;2013-05-26;2013-05-29;2013-06-01;343;13,12;18,33;23,34;25,88;30,79;36,62;10,86;;65,09;101;12,38;0;28,43
2013;23;2013-06-02;2013-06-05;2013-06-08;303;12,09;15,04;18,11;;;;9,78;;72,81;100,86;12,29;0;25,49
2013;24;2013-06-09;2013-06-12;2013-06-15;325;13,07;17,85;22,68;;;;10,93;;67,7;100,64;12,31;0;28,56
2013;25;2013-06-16;2013-06-19;2013-06-22;270;12,83;17,24;21,3;;;;10,19;;65,71;101,13;9,85;0;28,1
2013;26;2013-06-23;2013-06-26;2013-06-29;275;17,12;20,16;23,89;26,62;31,12;37,62;17,17;;83,51;100,2;10,64;0;18,32
2013;27;2013-06-30;2013-07-03;2013-07-06;291;18,57;22,07;25,9;28,58;32,61;36,83;16,66;;72,61;101,15;11,24;0;20,83
2013;28;2013-07-07;2013-07-10;2013-07-13;326;18,04;22,7;26,68;28;32,83;36,75;15,72;;66,3;101,03;10,16;0;28,37
2013;29;2013-07-14;2013-07-17;2013-07-20;358;21,18;25,65;30,89;28,57;33,67;39,49;19,5;;70,61;101;11,91;0;25,11
2013;30;2013-07-21;2013-07-24;2013-07-27;283;13,23;18,78;23,94;;;;11,18;;63,45;100,83;8,8;0;35,57
2013;31;2013-07-28;2013-07-31;2013-08-03;286;17,06;20,44;24,32;;;;15,26;;73,38;100,74;11,72;0;29,02
2013;32;2013-08-04;2013-08-07;2013-08-10;280;15,73;20,02;24,1;26;29,25;33,67;13,41;;67,21;100,83;11,12;0;32,06
2013;33;2013-08-11;2013-08-14;2013-08-17;313;14,3;18,81;23,15;;;;12,2;;66,95;100,94;11,38;0;31,72
2013;34;2013-08-18;2013-08-21;2013-08-24;285;16,23;21,15;25,65;25,5;30,31;35,5;14,34;;66,65;101,22;11,66;0;28,82
2013;35;2013-08-25;2013-08-28;2013-08-31;298;17,28;21,17;25,09;27;29,42;33;17,36;;79,94;100,84;8,6;0;20,93
2013;36;2013-09-01;2013-09-04;2013-09-07;307;13,57;17,24;20,78;;;;11,75;;71,75;100,67;12,67;0;28,99
2013;37;2013-09-08;2013-09-11;2013-09-14;339;12,49;16,22;20,08;;;;12,05;;77,81;100,73;10,36;0;23,55
2013;38;2013-09-15;2013-09-18;2013-09-21;313;10,07;14,97;19,86;;;;9,3;;70,56;101,25;10,74;0;31,14
2013;39;2013-09-22;2013-09-25;2013-09-28;304;7,83;12,55;17,53;;;;7,35;;72,14;101,21;8,85;0;27,42
2013;40;2013-09-29;2013-10-02;2013-10-05;329;11,8;16,34;21,21;;;;8,55;;62,32;101,12;8,24;0;31,92
2013;41;2013-10-06;2013-10-09;2013-10-12;292;7,6;12,79;18,88;;;;7,32;;71,41;101,56;10,4;0;29,79
2013;42;2013-10-13;2013-10-16;2013-10-19;284;10,63;13,75;16,75;;;;9,98;;78,8;100,96;10,04;0;25,35
2013;43;2013-10-20;2013-10-23;2013-10-26;335;2,71;6,47;9,53;;;;0,97;;68,89;100,39;13,96;0;29,02
2013;44;2013-10-27;2013-10-30;2013-11-02;339;1,12;5,46;8,91;;;;1,05;;74,45;100,79;13,57;0;23,99
2013;45;2013-11-03;2013-11-06;2013-11-09;297;0,14;3,68;7,11;;;;-3,41;;61,03;101,65;12,32;0;30,5
2013;46;2013-11-10;2013-11-13;2013-11-16;316;-0,5;2,54;5,4;;;;-3,35;-8,24;66,78;101,11;14,78;0;23,96
2013;47;2013-11-17;2013-11-20;2013-11-23;319;-1,62;2,36;5,69;;;;-2,83;;69,61;101,24;14,79;0;26,59
2013;48;2013-11-24;2013-11-27;2013-11-30;333;-8,82;-5,5;-2,23;;;;-10,33;-13,61;70,39;101,62;14,88;0;22,99
2013;49;2013-12-01;2013-12-04;2013-12-07;317;-3,09;-0,5;2,1;;;;-4,05;-7,4;78,57;101,21;11,51;0;17,32
2013;50;2013-12-08;2013-12-11;2013-12-14;344;-13,54;-9,26;-5,32;;;;-15,17;-17,93;63,01;101,65;14,63;0,97;24,21
2013;51;2013-12-15;2013-12-18;2013-12-21;367;-14,41;-11,07;-7,84;;;;-13,57;-18,64;82,02;100,94;12,62;36,97;12,18
2013;52;2013-12-22;2013-12-25;2013-12-28;345;-12,39;-9,42;-6,64;;;;-11,66;-16,67;83,9;101,55;12,04;20,43;16,55
2014;1;2013-12-29;2014-01-01;2014-01-04;376;-24,58;-20,45;-16,88;;;;-25,66;-28,56;63,83;102,08;13,45;0,73;25
2014;2;2014-01-05;2014-01-08;2014-01-11;377;-12,26;-7,4;-2,72;;;;-11,14;-16,29;75,47;100,96;14,66;32,57;20,72
2014;3;2014-01-12;2014-01-15;2014-01-18;405;-2,25;0,44;2,72;;;;-2,96;-4,71;78,62;100,3;10,7;5,47;22,71
2014;4;2014-01-19;2014-01-22;2014-01-25;360;-18,6;-15,11;-11,16;;;;-20,05;-22,17;66,65;100,57;14,56;2,97;22,59
2014;5;2014-01-26;2014-01-29;2014-02-01;380;-13,96;-10,24;-6,13;;;;-15,77;-18,3;64,78;100,87;15,5;12,3;22,11
2014;6;2014-02-02;2014-02-05;2014-02-08;380;-13,01;-9,21;-6,36;;;;-13,22;-14,25;73,44;101,63;11,51;9,67;22,62
2014;7;2014-02-09;2014-02-12;2014-02-15;353;-14;-10,2;-7,14;;;;-14,3;-14,88;73;101,13;10,46;9,3;19,1
2014;8;2014-02-16;2014-02-19;2014-02-22;357;-8,54;-4,92;-1,57;;;;-9,93;-18,84;69,28;100,86;14,81;20,17;26,02
2014;9;2014-02-23;2014-02-26;2014-03-01;377;-12,4;-9,34;-6,34;;;;-15,9;-16,9;60,03;100,76;14,97;1,47;26,4
2014;10;2014-03-02;2014-03-05;2014-03-08;334;-15,63;-10,76;-6,41;;;;-18,25;-17,19;56,88;101,89;9,32;3,33;26,22
2014;11;2014-03-09;2014-03-12;2014-03-15;329;-9,63;-4,29;0,09;;;;-9,15;-15,98;70,51;100,22;17,79;12,35;21,18
2014;12;2014-03-16;2014-03-19;2014-03-22;372;-8,61;-4,95;-1,17;;;;-11,26;-16,12;63,29;101,09;16,47;12,93;27,12
2014;13;2014-03-23;2014-03-26;2014-03-29;361;-9,09;-4,77;-0,58;;;;-11,33;-11,79;61,95;101,28;13,79;13,77;27,55
2014;14;2014-03-30;2014-04-02;2014-04-05;355;-1,46;1,62;4,38;;;;-4,18;;67,13;101,09;17,31;25,5;25,57
2014;15;2014-04-06;2014-04-09;2014-04-12;320;1,09;5,87;9,98;;;;-2;;60,48;100,6;13,74;31,17;31,15
2014;16;2014-04-13;2014-04-16;2014-04-19;329;-0,65;5,06;11,1;;;;-1,73;;65;101,53;14,19;26,57;25,38
2014;17;2014-04-20;2014-04-23;2014-04-26;344;3,49;8,17;12,49;;;;-1,08;;56,57;100,61;12,2;21;28,87
2014;18;2014-04-27;2014-04-30;2014-05-03;341;5,79;9,03;13,1;;;;4,24;;73,76;101,01;16,25;38,77;26,11
2014;19;2014-05-04;2014-05-07;2014-05-10;317;7,29;11,66;16,09;;;;3,11;;59,67;100,8;13,33;27,55;30,27
2014;20;2014-05-11;2014-05-14;2014-05-17;320;11,7;16,42;21,23;;;;9,08;;63,98;101,14;16,18;43,57;29,22
2014;21;2014-05-18;2014-05-21;2014-05-24;312;10,31;15,39;20,19;;;;6,71;;60,01;101,06;10,65;1,53;33
2014;22;2014-05-25;2014-05-28;2014-05-31;294;10,35;15,22;20,22;;;;9,6;;71,45;101,18;11,88;11,52;28,84
2014;23;2014-06-01;2014-06-04;2014-06-07;337;14,1;19,06;24,02;;;;12,77;;69,44;100,79;11,75;33,6;31,74
2014;24;2014-06-08;2014-06-11;2014-06-14;299;15,55;19,14;22,58;;;;12,44;;68,73;100,93;16,3;66,35;27,04
2014;25;2014-06-15;2014-06-18;2014-06-21;306;13,18;18,82;23,53;;;;9,99;;58,93;101,07;11,15;23,45;34,39
2014;26;2014-06-22;2014-06-25;2014-06-28;307;16,04;21,26;25,45;;;;13,44;;64,48;101,09;8,16;46,45;30,09
2014;27;2014-06-29;2014-07-02;2014-07-05;328;19,59;23,77;27,82;28,12;32,16;36;16,27;;64,49;100,73;12,18;1,85;28,35
2014;28;2014-07-06;2014-07-09;2014-07-12;308;17,29;21,38;25,31;;;;14,12;;65,03;100,67;14,72;16,15;34,67
2014;29;2014-07-13;2014-07-16;2014-07-19;287;16,9;20,52;23,91;;;;14,45;;69,81;100,77;11,07;12,85;32,91
2014;30;2014-07-20;2014-07-23;2014-07-26;327;18,02;22,4;26,39;26,54;30,62;34,75;14,87;;63,64;100,88;11,98;11,53;30,4
2014;31;2014-07-27;2014-07-30;2014-08-02;279;14,93;19,04;23,23;;;;14,45;;75,99;100,7;9,4;36,37;28,16
2014;32;2014-08-03;2014-08-06;2014-08-09;300;16,68;21,31;26,01;;;;14,3;;66,65;101,02;8,12;3,97;28,54
2014;33;2014-08-10;2014-08-13;2014-08-16;285;16,05;19,26;22,44;25,25;28,44;31,75;14,1;;74,23;100,69;12,11;61,76;24,5
2014;34;2014-08-17;2014-08-20;2014-08-23;291;14,78;19,2;23,6;;;;13,48;;70,95;100,96;9,21;1,22;28,77
2014;35;2014-08-24;2014-08-27;2014-08-30;321;16,38;21,13;25,61;25,5;29,48;33,5;14,57;;67,7;101,22;9,75;0,32;33,55
2014;36;2014-08-31;2014-09-03;2014-09-06;299;18,1;22,13;26,32;26;30,62;35,75;17,66;;77,19;100,68;11,97;29,67;27,25
2014;37;2014-09-07;2014-09-10;2014-09-13;265;11,05;15,84;20,47;;;;10,31;;71,47;101,41;12,3;24,33;28,96
2014;38;2014-09-14;2014-09-17;2014-09-20;321;6,66;11,57;15,64;;;;5,69;;68,78;101,35;10,55;3;31
2014;39;2014-09-21;2014-09-24;2014-09-27;335;11,4;16;21,46;;;;11,41;;75,53;101,48;10,51;4,6;24,01
2014;40;2014-09-28;2014-10-01;2014-10-04;329;10,67;14,76;19,4;;;;10,57;;77,19;100,95;13,05;24,63;22,66
2014;41;2014-10-05;2014-10-08;2014-10-11;326;7,54;10,81;14,21;;;;5,75;;71,78;100,59;14,4;30,57;29,58
2014;42;2014-10-12;2014-10-15;2014-10-18;322;10,78;15,03;19;;;;10,85;;77;100,59;10,93;14,17;26,7
2014;43;2014-10-19;2014-10-22;2014-10-25;334;5,45;7,55;9,59;;;;2,53;;71,39;100,85;14,01;12,57;25,56
2014;44;2014-10-26;2014-10-29;2014-11-01;339;5,58;7,77;10,25;;;;2,57;;70,6;100,64;12,29;4,37;26,95
2014;45;2014-11-02;2014-11-05;2014-11-08;348;1,24;4,16;7,07;;;;-2,69;;62,9;100,76;12,24;3,05;29,7
2014;46;2014-11-09;2014-11-12;2014-11-15;328;0,71;3,05;5,81;;;;-2,81;;66,46;100,96;14,11;3,78;28,29
2014;47;2014-11-16;2014-11-19;2014-11-22;358;-4,41;-2,07;0,39;;;;-7,03;-9,7;70,34;100,66;16,97;16,95;20,38
2014;48;2014-11-23;2014-11-26;2014-11-29;365;-0,98;1,87;4,79;;;;-2,98;-6,86;71,14;100,85;13,74;17;22,77
2014;49;2014-11-30;2014-12-03;2014-12-06;356;-8,27;-3,24;0,48;;;;-7,82;-12,28;72,13;101,84;12,12;9,6;21,24
2014;50;2014-12-07;2014-12-10;2014-12-13;379;-6,01;-4,3;-1,83;;;;-7,02;-9,13;82,65;101,42;15,16;14,1;17,53
2014;51;2014-12-14;2014-12-17;2014-12-20;374;-4,62;-2,73;-1,27;;;;-4,71;-8,15;86,49;101,09;9,14;2,1;17,22
2014;52;2014-12-21;2014-12-24;2014-12-27;467;-1,97;0,12;1,95;;;;-2,44;-11,96;83,5;101,15;13,56;28,5;17,61
2014;53;2014-12-28;2014-12-31;2015-01-03;504;-9,9;-6,02;-2,15;;;;-13,25;-14,82;57,3;101,44;14,84;1,65;30,3
2015;1;2015-01-04;2015-01-07;2015-01-10;457;-17,72;-12,05;-5,93;;;;-15,98;-20,58;73,49;101;15,37;32,9;16,85
2015;2;2015-01-11;2015-01-14;2015-01-17;445;-18,85;-13,1;-8,41;;;;-17,73;-18,51;69,01;101,95;10,46;4,2;22,43
2015;3;2015-01-18;2015-01-21;2015-01-24;459;-13,59;-8,32;-4,15;;;;-12,15;-15,51;73,95;100,74;12,61;4,95;22,55
2015;4;2015-01-25;2015-01-28;2015-01-31;384;-17,29;-12,3;-7,48;;;;-18,81;-18,78;59,76;101,23;14,46;5,05;26,57
2015;5;2015-02-01;2015-02-04;2015-02-07;400;-18,93;-14,47;-10,54;;;;-18,86;-20,47;70,57;101,3;10,82;7,9;23,42
2015;6;2015-02-08;2015-02-11;2015-02-14;408;-17,66;-14,66;-11,69;;;;-18,96;-22,03;70,36;101,23;15,77;6,7;16,93
2015;7;2015-02-15;2015-02-18;2015-02-21;422;-20,51;-15,79;-11,74;;;;-21,31;-22,96;63,74;100,96;15,36;6,1;20
2015;8;2015-02-22;2015-02-25;2015-02-28;396;-18,41;-13,08;-7,46;;;;-19,65;-19,5;58,93;101,69;13,35;1,05;24,56
2015;9;2015-03-01;2015-03-04;2015-03-07;434;-13,11;-7,69;-3,18;;;;-14,06;-14,25;61,92;101,44;13,83;4;24,56
2015;10;2015-03-08;2015-03-11;2015-03-14;389;-4,24;-0,78;2,48;;;;-7,05;-7,77;65,03;101,41;13,59;5,9;26,69
2015;11;2015-03-15;2015-03-18;2015-03-21;379;-9,06;-3,61;0,09;;;;-10,5;-11,1;62,09;100,93;12,56;10;26,48
2015;12;2015-03-22;2015-03-25;2015-03-28;397;-8,93;-4,35;-0,59;;;;-11,01;-14,51;61,68;101,26;13,61;4,45;28,31
2015;13;2015-03-29;2015-04-01;2015-04-04;382;-3,09;0,98;5,47;;;;-7,12;;57,65;100,56;13,54;15,43;31,08
2015;14;2015-04-05;2015-04-08;2015-04-11;335;-1,19;2,08;5,69;;;;-4,97;;63,51;101,43;14,72;19,1;27,26
2015;15;2015-04-12;2015-04-15;2015-04-18;348;4,79;10,58;16,1;;;;-1,67;;46,26;101,34;13,31;4,62;35,47
2015;16;2015-04-19;2015-04-22;2015-04-25;334;3,05;6,2;9,09;;;;-0,73;;63,55;100,28;15,2;32,68;30,09
2015;17;2015-04-26;2015-04-29;2015-05-02;314;6,2;11,94;16,97;;;;3,24;;58,12;100,47;9,99;0,98;34,9
2015;18;2015-05-03;2015-05-06;2015-05-09;345;12,44;19,18;25,71;;;;6,21;;46,5;101,31;11,28;6,63;33,74
2015;19;2015-05-10;2015-05-13;2015-05-16;322;9,54;14,29;19,56;;;;6,19;;62,8;101,26;12,14;25,27;26,75
2015;20;2015-05-17;2015-05-20;2015-05-23;302;9,3;15;20,36;;;;4,95;;53,99;100,89;14,9;13,87;33,38
2015;21;2015-05-24;2015-05-27;2015-05-30;279;15,39;20,71;25,57;26;29,96;34;13,46;;65,68;101,16;13,89;35,4;28,63
2015;22;2015-05-31;2015-06-03;2015-06-06;305;9,16;13,71;18;;;;7,19;;67,47;101,61;10,7;18,43;29,53
2015;23;2015-06-07;2015-06-10;2015-06-13;285;14,22;18,42;22,62;;;;13,44;;75,15;100,36;11,77;51,43;25,72
2015;24;2015-06-14;2015-06-17;2015-06-20;313;13,51;18,67;22,9;;;;10,95;;63,49;100,96;8,79;33,07;33,58
2015;25;2015-06-21;2015-06-24;2015-06-27;282;15,4;19,94;24,26;;;;12,46;;64,36;100,74;9,77;19,67;32,71
2015;26;2015-06-28;2015-07-01;2015-07-04;294;13,89;17,92;22,36;;;;12,56;;73,15;100,52;11,69;31,13;29,32
2015;27;2015-07-05;2015-07-08;2015-07-11;332;17,27;22,02;26,61;25;32,08;39;15,28;;67,34;100,94;10,54;7,57;25,13
2015;28;2015-07-12;2015-07-15;2015-07-18;265;16,3;21,32;25,74;25,67;31,26;37,17;14,72;;67,61;100,65;10,15;9,87;27,75
2015;29;2015-07-19;2015-07-22;2015-07-25;310;16,98;20,79;24,71;27;31,21;38;15,89;;74,79;100,26;10,23;71,97;29,51
2015;30;2015-07-26;2015-07-29;2015-08-01;313;19,42;23,49;28,24;27,31;32,06;37,92;18,05;;72,67;100,46;10,24;22,01;26,94
2015;31;2015-08-02;2015-08-05;2015-08-08;276;15,58;19,79;23,87;25;26,88;29;13,79;;69,79;100,52;10,24;4,01;34,95
2015;32;2015-08-09;2015-08-12;2015-08-15;325;16,72;20,23;24,28;27;30,62;35,5;16,65;;80,77;100,82;8,58;60,52;24,59
2015;33;2015-08-16;2015-08-19;2015-08-22;331;20,32;24,38;28,67;28,72;33,39;38,2;18,82;;72,32;101,01;11,22;19,77;29,2
2015;34;2015-08-23;2015-08-26;2015-08-29;292;15,76;20,09;24,42;;;;14,46;;71,56;100,98;9,91;0,63;33,26
2015;35;2015-08-30;2015-09-02;2015-09-05;309;16,61;21,59;26,29;27;29,83;33;15,8;;71,57;101,13;10,07;0,17;24,41
2015;36;2015-09-06;2015-09-09;2015-09-12;284;17,94;22,06;26,35;29,21;33,1;37,5;16,85;;74,17;100,65;10,25;24,07;24,3
2015;37;2015-09-13;2015-09-16;2015-09-19;323;16,21;20,43;25,41;;;;15,44;;74,76;100,92;11,01;41,53;27,85
2015;38;2015-09-20;2015-09-23;2015-09-26;276;9,75;14,52;19,32;;;;7,05;;63,59;102,12;8,14;0,07;36,54
2015;39;2015-09-27;2015-09-30;2015-10-03;318;7,83;12,62;17,33;;;;6,84;;69,54;101,96;14,71;29,63;30,05
2015;40;2015-10-04;2015-10-07;2015-10-10;317;5,55;9,64;13,3;;;;4,63;;72,83;101,4;8,61;6,73;31,63
2015;41;2015-10-11;2015-10-14;2015-10-17;339;6,52;10,57;14,64;;;;5,94;;74,09;100,12;12,4;28,87;28,92
2015;42;2015-10-18;2015-10-21;2015-10-24;324;1,2;5,87;10,23;;;;-0,96;;63,46;101,66;12,6;4,03;29,22
2015;43;2015-10-25;2015-10-28;2015-10-31;359;1,95;6,13;10,25;;;;1,16;;72,07;101,29;12,51;56,1;30,05
2015;44;2015-11-01;2015-11-04;2015-11-07;319;5,9;9,85;14,12;;;;5,56;;75,65;100,98;11,29;8,97;27,77
2015;45;2015-11-08;2015-11-11;2015-11-14;343;3,02;6,29;9,39;;;;2,19;;76,19;100,81;13,96;19,9;26,66
2015;46;2015-11-15;2015-11-18;2015-11-21;319;0,55;4,87;8,17;;;;-0,19;;70,85;101,75;12,77;8,8;31,91
2015;47;2015-11-22;2015-11-25;2015-11-28;325;-2,72;1,66;4,85;;;;-2,86;-5,52;73,3;101,96;12,15;15,73;25,42
2015;48;2015-11-29;2015-12-02;2015-12-05;348;-2,08;0,68;3,17;;;;-1,75;-7,49;84,33;101,74;9,87;17,07;21,66
2015;49;2015-12-06;2015-12-09;2015-12-12;407;2,45;5,05;7,65;;;;1,67;;79,54;101,17;10,73;2,67;22,35
2015;50;2015-12-13;2015-12-16;2015-12-19;314;0,11;2,24;4,26;;;;-0,41;;83,63;100,52;12,34;29,03;20,84
2015;51;2015-12-20;2015-12-23;2015-12-26;326;0,65;3,28;6,22;;;;-0,05;-7,58;80,47;101,35;11,13;22,9;23,09
2015;52;2015-12-27;2015-12-30;2016-01-02;343;-7,9;-5,73;-2,94;;;;-7,94;-12,25;85,24;101,75;12,79;35,3;12,75
2016;1;2016-01-03;2016-01-06;2016-01-09;372;-10,82;-6,06;-2,27;;;;-9,49;-14,92;77,31;101,76;11,32;8,7;22,85
2016;2;2016-01-10;2016-01-13;2016-01-16;364;-10,15;-6,73;-2,72;;;;-9,97;-14,05;78,53;100,03;14,69;14,37;21,45
2016;3;2016-01-17;2016-01-20;2016-01-23;365;-12,84;-9,57;-6,42;;;;-13,54;-15,68;73,5;101,04;14,96;5,7;24,29
2016;4;2016-01-24;2016-01-27;2016-01-30;342;-7,86;-3,66;0,18;;;;-6,72;-8,77;79,79;100,58;12,18;6,03;22,37
2016;5;2016-01-31;2016-02-03;2016-02-06;346;-3,73;0,12;4,3;;;;-3,89;-7,74;75,4;100,99;11,96;21,52;24,63
2016;6;2016-02-07;2016-02-10;2016-02-13;366;-13,93;-10,51;-5,91;;;;-14,91;-18,31;71,48;100,68;16,15;7,42;20,18
2016;7;2016-02-14;2016-02-17;2016-02-20;397;-13,82;-8,79;-4,26;;;;-12,22;-18,91;77,09;101,47;13,12;42,85;23,33
2016;8;2016-02-21;2016-02-24;2016-02-27;384;-9,47;-5,04;-1,16;;;;-8,95;-15,47;75,17;100,74;15,05;40,05;22,96
2016;9;2016-02-28;2016-03-02;2016-03-05;396;-13,7;-8,85;-4,46;;;;-13,98;-15,9;68,08;100,95;13,76;18,67;24,23
2016;10;2016-03-06;2016-03-09;2016-03-12;336;-0,64;2,94;6,58;;;;-1,04;;76,43;101,2;10,87;7,2;25,87
2016;11;2016-03-13;2016-03-16;2016-03-19;382;-0,63;2,37;6,12;;;;-3,24;-9,59;69,86;100,85;14,41;17,07;26,89
2016;12;2016-03-20;2016-03-23;2016-03-26;367;-4,81;-1,44;2,38;;;;-8,12;-8,79;63,68;101,16;12,86;17,42;26,8
2016;13;2016-03-27;2016-03-30;2016-04-02;350;0,86;6,02;10,99;;;;0,61;;70,96;100,2;13,73;54,47;26,34
2016;14;2016-04-03;2016-04-06;2016-04-09;372;-5,77;-2,53;1,1;;;;-9,17;-10,91;63,57;100,63;14,93;52,8;26,04
2016;15;2016-04-10;2016-04-13;2016-04-16;350;-0,99;4,08;8,46;;;;-4,54;;57,69;102,05;11,75;17,77;33,27
2016;16;2016-04-17;2016-04-20;2016-04-23;350;3,9;10,05;15,73;;;;-1,19;;51,18;101,49;11,49;17,6;34,52
2016;17;2016-04-24;2016-04-27;2016-04-30;355;-0,2;4,96;9,59;;;;-9,94;;34,71;101,28;11,42;0;37,21
2016;18;2016-05-01;2016-05-04;2016-05-07;358;6,47;10,9;14,94;;;;4,21;;66,95;100,69;11,6;8,73;26,62
2016;19;2016-05-08;2016-05-11;2016-05-14;334;7,22;13,17;18,77;;;;2,64;;52,76;100,72;12,91;11,77;32,78
2016;20;2016-05-15;2016-05-18;2016-05-21;324;6,36;11,79;16,77;;;;2,98;;57,6;101,03;13,1;0,6;34,67
2016;21;2016-05-22;2016-05-25;2016-05-28;328;13,82;20,7;27,13;;;;9;;51,03;100,91;9,52;2,4;29,62
2016;22;2016-05-29;2016-06-01;2016-06-04;330;16,32;20,8;25,41;26,5;29,42;33;13,32;;64,21;100,93;11,94;5,47;32,84
2016;23;2016-06-05;2016-06-08;2016-06-11;288;11,99;15,12;18,16;;;;10,05;;72,61;99,9;14,58;41,2;30,86
2016;24;2016-06-12;2016-06-15;2016-06-18;331;12,1;18,48;24,45;;;;8,86;;57,33;100,62;11,77;1,83;37,01
2016;25;2016-06-19;2016-06-22;2016-06-25;345;16,35;21,85;26,76;25;30,92;35;10,79;;51,77;100,82;12,14;5,53;36,95
2016;26;2016-06-26;2016-06-29;2016-07-02;321;17;21,66;26,12;27;30,49;35,25;15,15;;69,16;100,67;11,05;19,47;30,58
2016;27;2016-07-03;2016-07-06;2016-07-09;297;16,75;21,44;25,9;;;;14,46;;67,18;100,45;12,67;17,7;29,24
2016;28;2016-07-10;2016-07-13;2016-07-16;311;17,36;22,29;26,75;28,08;34,02;39,67;16,77;;72,74;100,71;11,36;14,53;30,26
2016;29;2016-07-17;2016-07-20;2016-07-23;341;18,05;22,66;27,41;27,5;32,97;37;15,21;;64,51;100,86;12,84;34,33;32,94
2016;30;2016-07-24;2016-07-27;2016-07-30;325;17,89;22,44;26,51;26;29,76;33,17;15,74;;67,28;100,73;10,11;3,3;33,03
2016;31;2016-07-31;2016-08-03;2016-08-06;286;18,79;24,24;29,29;26,5;32,67;37,75;15,72;;61,31;100,98;11,32;0,77;34,62
2016;32;2016-08-07;2016-08-10;2016-08-13;327;18,05;22,76;27,5;27,12;33,4;38;15,52;;66,3;100,87;12,11;28,7;30,26
2016;33;2016-08-14;2016-08-17;2016-08-20;312;17,25;21,94;26,46;25;28,62;32;16,71;;73,89;100,9;11,8;95,97;31,7
2016;34;2016-08-21;2016-08-24;2016-08-27;288;18,12;22;25,82;26,44;30,49;34,14;16,07;;70,3;101,03;13,93;21;33,51
2016;35;2016-08-28;2016-08-31;2016-09-03;312;16,12;20,01;23,92;;;;14,46;;71,34;101,25;10,81;7,37;33,29
2016;36;2016-09-04;2016-09-07;2016-09-10;310;16,68;21,97;26,76;27,54;30,83;34,08;16,77;;74,43;101,05;7,34;10,23;33,38
2016;37;2016-09-11;2016-09-14;2016-09-17;309;11,43;17,18;22,09;;;;10,8;;67,75;101,35;11,12;6,23;34,85
2016;38;2016-09-18;2016-09-21;2016-09-24;306;13,5;18,07;22,79;26,33;28,74;32,33;12,11;;70,06;101,24;10,69;4,67;31,93
2016;39;2016-09-25;2016-09-28;2016-10-01;321;9,06;13,5;18,16;;;;7,44;;69,06;101,79;12,46;2,07;32,44
2016;40;2016-10-02;2016-10-05;2016-10-08;356;10,03;14,79;19,62;;;;10,68;;78,39;101,6;7,98;16,97;24,71
2016;41;2016-10-09;2016-10-12;2016-10-15;330;4,44;9,7;14,47;;;;3,49;;67,23;101,87;10,3;6;32,72
2016;42;2016-10-16;2016-10-19;2016-10-22;334;7,94;11,66;15,18;;;;8,79;;83,92;100,46;12,64;100,37;20,99
2016;43;2016-10-23;2016-10-26;2016-10-29;324;1,94;4,15;6,46;;;;-0,12;;75,44;101,2;15,32;36,33;24,21
2016;44;2016-10-30;2016-11-02;2016-11-05;362;3,51;6,27;9,04;;;;2,84;;79,35;101,37;8,99;11,07;26,32
2016;45;2016-11-06;2016-11-09;2016-11-12;342;-0,11;5,51;10,87;;;;-0,07;;68,64;101,17;13,13;2;31,88
2016;46;2016-11-13;2016-11-16;2016-11-19;337;4;6,86;10,22;;;;3,79;;82,22;100,77;11,91;3,17;21,28
2016;47;2016-11-20;2016-11-23;2016-11-26;356;-1,21;0,01;1,49;;;;-1,46;-7,46;89,99;100,75;13,27;25,43;14,85
2016;48;2016-11-27;2016-11-30;2016-12-03;362;0,6;2,21;4,18;;;;-0,02;-3,98;85,54;100,59;13,93;35,2;19,48
2016;49;2016-12-04;2016-12-07;2016-12-10;318;-4,62;-2,25;-0,32;;;;-6,02;-9,41;76,32;101,17;11,1;9,1;21,81
2016;50;2016-12-11;2016-12-14;2016-12-17;345;-12,97;-8,89;-5,27;;;;-12,49;-15,37;76,32;101,04;12,01;17,93;18,68
2016;51;2016-12-18;2016-12-21;2016-12-24;370;-7,71;-3,91;-1,44;;;;-6,82;-16,05;80,67;101,52;11,73;12,65;21,79
2016;52;2016-12-25;2016-12-28;2016-12-31;405;-8,72;-4,4;0,4;;;;-8,03;-11,79;77,01;100,9;14,64;37,3;23,03
2017;1;2017-01-01;2017-01-04;2017-01-07;441;-9,87;-6,09;-2,83;;;;-8,78;-13,42;81,91;100,95;11,14;25,57;21,57
2017;2;2017-01-08;2017-01-11;2017-01-14;401;-11,24;-6,63;-2,03;;;;-10,85;-18,83;72,96;101,9;14,33;17,33;23,93
2017;3;2017-01-15;2017-01-18;2017-01-21;415;-4,62;-1,97;-0,05;;;;-4,34;-9,18;84,76;101,23;10,04;6,77;19,43
2017;4;2017-01-22;2017-01-25;2017-01-28;418;-2,45;-0,98;0,29;;;;-3,42;-7,18;84,11;99,7;17,26;13,83;17,22
2017;5;2017-01-29;2017-02-01;2017-02-04;391;-11,46;-8;-4,81;;;;-11,98;-12,8;74,13;100,66;11,49;3,13;23,53
2017;6;2017-02-05;2017-02-08;2017-02-11;394;-12,04;-9,2;-5,7;;;;-13,85;-17,02;70,28;100,77;16,25;31,9;20,48
2017;7;2017-02-12;2017-02-15;2017-02-18;414;-8;-4,74;-1,49;;;;-7,85;-10,97;79,97;100,05;13,87;35,5;21,12
2017;8;2017-02-19;2017-02-22;2017-02-25;384;-1,11;2,39;6,52;;;;-1,18;;78,43;100,66;11,15;31,2;24,71
2017;9;2017-02-26;2017-03-01;2017-03-04;357;-6,92;-3,48;0,91;;;;-9,17;-20,46;66,22;101,02;15,83;14,4;26,97
2017;10;2017-03-05;2017-03-08;2017-03-11;366;-9,94;-5,33;-1,25;;;;-12,27;-16,84;60,59;101,44;15;17,5;27,31
2017;11;2017-03-12;2017-03-15;2017-03-18;394;-11,88;-8,33;-5,3;;;;-14,82;-15,11;62,21;101,3;15,59;20,5;25,73
2017;12;2017-03-19;2017-03-22;2017-03-25;358;-6,61;-2,38;2,18;;;;-8,6;-10,76;65,47;101,74;10,72;9,8;27,83
2017;13;2017-03-26;2017-03-29;2017-04-01;375;-0,48;1,64;3,86;;;;-2,87;;75,06;101,46;10,8;27,37;21,13
2017;14;2017-04-02;2017-04-05;2017-04-08;368;1,42;3,91;6,95;;;;-0,12;;77,97;100,19;14,28;88,6;23,25
2017;15;2017-04-09;2017-04-12;2017-04-15;348;3,6;9,67;16,01;;;;1,6;;62,54;101,46;11,03;7,17;31,85
2017;16;2017-04-16;2017-04-19;2017-04-22;356;5,29;8,16;10,55;;;;4,06;;76,81;101,15;13,5;44,17;25,06
2017;17;2017-04-23;2017-04-26;2017-04-29;320;5,64;11,42;17,11;;;;4,38;;65,44;101,03;15,61;7,3;30,05
2017;18;2017-04-30;2017-05-03;2017-05-06;318;5,56;9,38;13,09;;;;4,52;;74,89;100,46;14,39;76,8;26,13
2017;19;2017-05-07;2017-05-10;2017-05-13;356;5,14;8,76;12,19;;;;3,38;;70,38;100,75;11,48;10;30,05
2017;20;2017-05-14;2017-05-17;2017-05-20;384;11;16,5;21,71;25;29,46;35;7,68;;59,08;100,56;14,36;5,6;29,28
2017;21;2017-05-21;2017-05-24;2017-05-27;322;10,86;15,12;19,09;;;;8,86;;69,96;100,68;11,95;21,75;27,89
2017;22;2017-05-28;2017-05-31;2017-06-03;348;11,53;15,23;19,37;;;;9,98;;73,23;100,68;14,24;20,25;30,48
2017;23;2017-06-04;2017-06-07;2017-06-10;336;11,86;17,32;22,13;;;;10,79;;68,21;100,57;11,26;52,83;32,64
2017;24;2017-06-11;2017-06-14;2017-06-17;316;16,36;21,27;24,98;25,67;30,96;35,67;12,32;;59,4;100,68;13,37;29,93;32,66
2017;25;2017-06-18;2017-06-21;2017-06-24;326;17,78;21,36;25,3;26,62;31,51;35,5;16,36;;74,68;100,04;13,25;26,83;31,26
2017;26;2017-06-25;2017-06-28;2017-07-01;313;15,08;18,06;21,71;;;;14,1;;79,48;100,72;10,1;19,23;27,47
2017;27;2017-07-02;2017-07-05;2017-07-08;282;16,85;21,32;25,39;26;29,67;34;15,14;;70,34;100,72;10,01;32,53;29,16
2017;28;2017-07-09;2017-07-12;2017-07-15;309;16,37;19,79;23,51;;;;15,07;;75,56;100,83;11,44;11,83;29,25
2017;29;2017-07-16;2017-07-19;2017-07-22;286;18,64;22,41;26,62;26;29,99;34,33;17,27;;74,05;100,77;9,63;19,33;28,56
2017;30;2017-07-23;2017-07-26;2017-07-29;317;14,55;18,87;23,18;;;;12,21;;68,11;100,95;9,71;22,73;32,81
2017;31;2017-07-30;2017-08-02;2017-08-05;315;17,19;22,23;27,4;26;29,29;36,5;16,46;;71,57;100,92;9,66;47,43;28,85
2017;32;2017-08-06;2017-08-09;2017-08-12;317;15,83;19,8;23,8;;;;13,67;;69,17;101,03;9,66;9,23;30,1
2017;33;2017-08-13;2017-08-16;2017-08-19;300;16,68;20,53;24,43;26;28,5;32;15,04;;72,61;100,64;10,65;26,93;32,06
2017;34;2017-08-20;2017-08-23;2017-08-26;302;15,26;19,38;23,3;27,5;29,73;35,5;13,85;;71,95;100,88;11,79;12,23;31,87
2017;35;2017-08-27;2017-08-30;2017-09-02;319;10,7;16,29;21,12;;;;8,71;;63,07;101,5;9,4;0,3;28,88
2017;36;2017-09-03;2017-09-06;2017-09-09;326;13,12;15,72;18,8;;;;12,84;;83,95;100,64;9,8;40,57;24,4
2017;37;2017-09-10;2017-09-13;2017-09-16;320;13,47;18,67;24,29;;;;13,61;;74,08;101,29;8,64;0,07;31,05
2017;38;2017-09-17;2017-09-20;2017-09-23;314;16,02;21,01;26,64;;;;15,61;;73,4;101,32;8,21;0;22,97
2017;39;2017-09-24;2017-09-27;2017-09-30;340;14,88;19,19;24,13;27,33;32,49;38,33;12,64;;67,34;101,05;10,47;4,53;29,19
2017;40;2017-10-01;2017-10-04;2017-10-07;340;9,65;14,98;20,2;;;;9,65;;72,56;101,64;9,73;9,47;31,43
2017;41;2017-10-08;2017-10-11;2017-10-14;332;11,16;14,55;18,01;;;;9,82;;75,2;101,47;10,45;36,47;28,87
2017;42;2017-10-15;2017-10-18;2017-10-21;308;7,48;12,64;17,48;;;;6,32;;67,11;101,13;12,41;10,43;32,12
2017;43;2017-10-22;2017-10-25;2017-10-28;336;8,31;12,77;17,41;;;;8,05;;74,55;100,73;10,78;30,37;31,45
2017;44;2017-10-29;2017-11-01;2017-11-04;331;4,54;8,59;12,99;;;;4,92;;78,92;100,76;14,62;58,1;24,85
2017;45;2017-11-05;2017-11-08;2017-11-11;350;-1,96;2,41;6,35;;;;-3,16;-9,85;67,8;101,6;14,19;19,43;29,52
2017;46;2017-11-12;2017-11-15;2017-11-18;344;-2,68;0,49;3,19;;;;-4,24;-6,21;71,37;101,44;10,37;4,7;26,53
2017;47;2017-11-19;2017-11-22;2017-11-25;344;-3,34;0,57;4,15;;;;-3,44;-10,52;75,36;100,25;13,13;21,2;24,6
2017;48;2017-11-26;2017-11-29;2017-12-02;379;-5,09;-0,36;3,75;;;;-4,85;-10,14;72,49;101,29;11,14;6,27;27,3
2017;49;2017-12-03;2017-12-06;2017-12-09;368;-0,61;1,47;3,71;;;;-3,06;;72,69;100,92;15,15;9,13;24,72
2017;50;2017-12-10;2017-12-13;2017-12-16;349;-13,32;-10,46;-7,25;;;;-14,24;-16,27;74,44;100,23;13,71;14,63;18,85
2017;51;2017-12-17;2017-12-20;2017-12-23;416;-13,95;-9,79;-6,51;;;;-12,82;-18,03;79,13;101,17;12,03;23,6;17,05
2017;52;2017-12-24;2017-12-27;2017-12-30;407;-19,04;-16,17;-13,29;;;;-21,29;-22,93;65,91;101,75;13,06;7,93;25,43
2018;1;2017-12-31;2018-01-03;2018-01-06;448;-20,71;-17,76;-13,7;;;;-21,32;-25,64;74,15;101,08;15,12;8,97;15,39
2018;2;2018-01-07;2018-01-10;2018-01-13;459;-12,18;-5,95;-1,24;;;;-8,48;-15,37;82,72;101,25;11,18;56,55;17,54
2018;3;2018-01-14;2018-01-17;2018-01-20;469;-12,6;-9,67;-7,08;;;;-12,61;-16,63;79,55;101,82;11,94;1,27;19,07
2018;4;2018-01-21;2018-01-24;2018-01-27;446;-11,12;-6,83;-1,34;;;;-10,94;-17,5;73,33;101,5;14,56;24,3;23,9
2018;5;2018-01-28;2018-01-31;2018-02-03;470;-13,78;-8,88;-3,33;;;;-13,57;-18,13;69,53;101,44;13,68;5,03;23,31
2018;6;2018-02-04;2018-02-07;2018-02-10;414;-12,14;-8,28;-4,9;;;;-10,84;-13,1;82,43;101,62;11,58;28,13;15,89
2018;7;2018-02-11;2018-02-14;2018-02-17;413;-10,09;-4,05;0,61;;;;-7,79;-11,25;76,04;101,39;11,14;7,23;24,82
2018;8;2018-02-18;2018-02-21;2018-02-24;430;-4,13;-0,49;3,04;;;;-4,22;-7,73;77,36;101,99;10,52;24,33;22,76
2018;9;2018-02-25;2018-02-28;2018-03-03;410;-1,13;1,79;4,65;;;;-2,8;;72,84;101,1;14,49;7,07;27,15
2018;10;2018-03-04;2018-03-07;2018-03-10;359;-2,36;-0,62;1,28;;;;-3,47;-6,85;81,69;100,79;13,05;11,8;19,29
2018;11;2018-03-11;2018-03-14;2018-03-17;367;-3,89;-2,09;0,05;;;;-6,75;-13,54;72,65;100,12;15,48;19,57;20,7
2018;12;2018-03-18;2018-03-21;2018-03-24;351;-8,92;-4,24;-0,09;;;;-12,37;-11,27;54,24;101,1;10,76;0,13;32,8
2018;13;2018-03-25;2018-03-28;2018-03-31;381;-1,2;2,95;6,97;;;;-3,7;;64,99;101,71;11,29;13,57;29,65
2018;14;2018-04-01;2018-04-04;2018-04-07;377;-3,74;0,21;4,11;;;;-7,18;-13,15;60,03;100,5;17,6;28,87;28,65
2018;15;2018-04-08;2018-04-11;2018-04-14;383;-1,99;1,53;5,23;;;;-5,7;;60,99;101,2;10,96;6,47;25,43
2018;16;2018-04-15;2018-04-18;2018-04-21;340;-0,56;2,5;5,39;;;;-3,11;-8,85;69,57;100,89;17,21;15,83;23,84
2018;17;2018-04-22;2018-04-25;2018-04-28;363;5,69;10,68;15,39;;;;2,18;;62,06;101,06;9,29;28,17;30,35
2018;18;2018-04-29;2018-05-02;2018-05-05;349;8,43;12,07;16,49;;;;7,59;;77,01;100,59;12,34;45,02;23,92
2018;19;2018-05-06;2018-05-09;2018-05-12;369;6,88;13,55;18,69;;;;0,88;;44,55;101,19;12,69;0;35,6
2018;20;2018-05-13;2018-05-16;2018-05-19;353;8,02;14,53;20,3;;;;2,41;;47,86;101,19;12,18;6,53;33
2018;21;2018-05-20;2018-05-23;2018-05-26;335;12,8;17,55;22,95;;;;7,93;;57,89;100,8;12,22;20,73;30,69
2018;22;2018-05-27;2018-05-30;2018-06-02;323;15,4;20,48;25,45;26;32,19;37,5;11,9;;61,21;100,83;11,64;1,27;29,84
2018;23;2018-06-03;2018-06-06;2018-06-09;325;11,79;15,69;19,61;;;;8,11;;65,34;100,73;12,93;31,33;30,48
2018;24;2018-06-10;2018-06-13;2018-06-16;322;12,69;18,36;23,4;;;;8,93;;58,22;100,76;11,29;13,53;35,01
2018;25;2018-06-17;2018-06-20;2018-06-23;285;15,06;20,06;24,74;25;31,54;38;11,52;;60,4;100,61;11,04;21,5;35,05
2018;26;2018-06-24;2018-06-27;2018-06-30;307;15,94;20,63;25,67;27,25;33,31;39,75;13,52;;67,13;100,82;10,27;10,63;32,64
2018;27;2018-07-01;2018-07-04;2018-07-07;433;20,44;26,51;32;30,4;36,73;41,45;17,69;;60,91;101,37;10,99;1,07;30,04
2018;28;2018-07-08;2018-07-11;2018-07-14;331;18,1;23,58;28,41;25,5;29,93;35;12,37;;51,37;101,3;11,19;0,07;35,14
2018;29;2018-07-15;2018-07-18;2018-07-21;312;17,94;24,13;29,3;26,17;30,82;35,08;13,59;;54,54;100,92;10,12;28,77;33,25
2018;30;2018-07-22;2018-07-25;2018-07-28;306;20,57;23,76;27,48;28,72;32,39;36,37;19,05;;75,95;100,92;11,9;47,4;26,41
2018;31;2018-07-29;2018-08-01;2018-08-04;332;20,36;23,62;27,38;27,82;31,18;34,55;17,91;;71,79;101,15;10,18;8,47;30,53
2018;32;2018-08-05;2018-08-08;2018-08-11;321;19,65;23,72;28,16;28,17;32,25;36,67;18,13;;72,81;100,73;8,97;21,28;29,09
2018;33;2018-08-12;2018-08-15;2018-08-18;313;18,66;22,65;26,68;27,5;31,85;35,64;17,09;;72,42;100,89;8,39;7,6;27,66
2018;34;2018-08-19;2018-08-22;2018-08-25;306;16,36;21,8;26,64;;;;14,06;;63,47;100,97;11,99;1,77;29
2018;35;2018-08-26;2018-08-29;2018-09-01;303;18,24;22,05;26,59;28,75;33,09;38,08;17,22;;75,02;101,16;10,64;18,43;26,24
2018;36;2018-09-02;2018-09-05;2018-09-08;337;16,43;21,29;25,72;30;34,28;40,75;14,76;;68,33;101,57;9,67;15,7;28,74
2018;37;2018-09-09;2018-09-12;2018-09-15;294;13,07;18,12;23,06;;;;12,74;;73,17;101,86;6,91;23,5;28,1
2018;38;2018-09-16;2018-09-19;2018-09-22;315;13,58;18,02;22,58;26,75;30,03;33,75;12,96;;73,52;101,12;12,01;35,5;26,34
2018;39;2018-09-23;2018-09-26;2018-09-29;359;9,81;13,68;17,76;;;;8,16;;70,85;101,58;12,32;14,17;31,9
2018;40;2018-09-30;2018-10-03;2018-10-06;360;7,27;10,2;13,17;;;;5,84;;76,18;101,57;10,47;12,33;26,45
2018;41;2018-10-07;2018-10-10;2018-10-13;348;6,92;10,44;14,05;;;;6,9;;79,9;100,96;12,04;31,3;22,12
2018;42;2018-10-14;2018-10-17;2018-10-20;349;3,22;7,55;10,98;;;;0,82;;63,52;100,65;16,93;5,27;30,57
2018;43;2018-10-21;2018-10-24;2018-10-27;404;-0,17;2,6;5,67;;;;-3,75;;64,16;101,24;13,1;9,3;27,57
2018;44;2018-10-28;2018-10-31;2018-11-03;332;1,86;3,72;5,32;;;;2,21;;90,16;100,42;11,41;43,6;15,4
2018;45;2018-11-04;2018-11-07;2018-11-10;355;2,39;5,05;7,47;;;;0,57;;74,03;101,23;16,48;30,57;26,05
2018;46;2018-11-11;2018-11-14;2018-11-17;326;-6,39;-3,19;-0,9;;;;-8,06;-9,38;70,31;101,65;11,47;17,4;22,29
2018;47;2018-11-18;2018-11-21;2018-11-24;328;-10,86;-6,34;-2,73;;;;-10,75;-13,47;71,79;101,58;10,71;6,83;23,61
2018;48;2018-11-25;2018-11-28;2018-12-01;318;0,05;0,94;2,19;;;;-1,01;;87,21;100,34;10,64;37,97;15,89
2018;49;2018-12-02;2018-12-05;2018-12-08;388;-7,42;-4,29;-1,1;;;;-7,43;-11,75;79,44;101,06;9,83;25,17;19,86
2018;50;2018-12-09;2018-12-12;2018-12-15;363;-10,64;-6,09;-2,56;;;;-9,47;-12,83;77,74;101,81;9,06;9,13;21,2
2018;51;2018-12-16;2018-12-19;2018-12-22;391;-5,66;-1,7;1,69;;;;-4,75;-10,88;80,4;100,41;12,27;41,57;19,96
2018;52;2018-12-23;2018-12-26;2018-12-29;364;-11,62;-7,18;-3,59;;;;-10,74;-13,76;76,18;101,67;10,26;17,77;26,12
2019;1;2018-12-30;2019-01-02;2019-01-05;404;-8,6;-4,42;-1,29;;;;-7,25;-16,15;81,08;100,64;11;26,55;20,02
2019;2;2019-01-06;2019-01-09;2019-01-12;408;-12,86;-8,15;-5,18;;;;-12,64;-19,51;70,99;101,08;15,94;11,23;21,47
2019;3;2019-01-13;2019-01-16;2019-01-19;408;-17,09;-12,47;-8,22;;;;-16,65;-18,97;71,59;101,84;10,31;4,17;22,31
2019;4;2019-01-20;2019-01-23;2019-01-26;418;-15,36;-11,82;-7,82;;;;-15,79;-20,98;73,35;100,98;14,13;49,23;16,76
2019;5;2019-01-27;2019-01-30;2019-02-02;391;-16,99;-13,06;-8,85;;;;-18,84;-19,91;63,5;101,13;15,18;9,57;22,99
2019;6;2019-02-03;2019-02-06;2019-02-09;388;-10,31;-5,96;-2,08;;;;-9,55;-13,99;77,46;101,21;17,53;17,5;17,98
2019;7;2019-02-10;2019-02-13;2019-02-16;415;-11,12;-7,16;-3,33;;;;-12,35;-14,8;67,42;101,16;14,86;31,03;26,98
2019;8;2019-02-17;2019-02-20;2019-02-23;344;-13,43;-8,35;-4,23;;;;-13,57;-14,74;67,11;101,91;10,06;10,1;27,95
2019;9;2019-02-24;2019-02-27;2019-03-02;371;-13,91;-9,08;-4,86;;;;-15,2;-16,84;62,23;101,25;14,43;15,23;26,74
2019;10;2019-03-03;2019-03-06;2019-03-09;376;-12,16;-8,04;-4,64;;;;-14,29;-13,1;62,73;101,29;12,58;0,8;26,96
2019;11;2019-03-10;2019-03-13;2019-03-16;360;-3,29;0,55;3,95;;;;-3,97;-8,62;72,89;100,88;16,69;22,27;21,9
2019;12;2019-03-17;2019-03-20;2019-03-23;362;-4,89;-1,17;2,22;;;;-8,34;-9,7;60,52;101,12;12,75;26,3;29,69
2019;13;2019-03-24;2019-03-27;2019-03-30;341;-3,45;0,28;3,55;;;;-7,27;-8,31;59,82;101,44;12,9;8,63;29,99
2019;14;2019-03-31;2019-04-03;2019-04-06;336;-2,55;1,45;4,94;;;;-6,23;;60,06;101,35;15,38;10,3;29,58
2019;15;2019-04-07;2019-04-10;2019-04-13;367;-0,1;3,74;7,56;;;;-1,61;-6,71;70,98;100,97;12,1;23,83;27,35
2019;16;2019-04-14;2019-04-17;2019-04-20;356;3,11;6,47;10,11;;;;0,81;;71,1;100,38;15,99;51,3;27,5
2019;17;2019-04-21;2019-04-24;2019-04-27;344;5;8,75;12,61;;;;3,96;;74,53;100,43;13,43;40,7;27,15
2019;18;2019-04-28;2019-05-01;2019-05-04;378;4,04;7,15;10,73;;;;-1,47;;59,24;101,62;11,1;11,07;28,45
2019;19;2019-05-05;2019-05-08;2019-05-11;370;6,2;11,89;17,11;;;;2,47;;56,27;101,22;12,63;39,4;33,54
2019;20;2019-05-12;2019-05-15;2019-05-18;352;7,29;10,89;14,2;;;;3,86;;64,59;100,64;10,29;13,37;30,92
2019;21;2019-05-19;2019-05-22;2019-05-25;337;10,12;14,36;18,98;;;;8,43;;69,97;100,8;12,25;27,07;31,56
2019;22;2019-05-26;2019-05-29;2019-06-01;339;9,89;14,07;17,79;;;;7,2;;65,38;100,39;10,35;2,45;35,53
2019;23;2019-06-02;2019-06-05;2019-06-08;330;9,9;14,97;19,53;;;;6,59;;61,2;100,56;10,38;8,05;34,1
2019;24;2019-06-09;2019-06-12;2019-06-15;299;13,34;18,29;22,65;;;;9,62;;61,79;100,81;12,62;40,65;36,73
2019;25;2019-06-16;2019-06-19;2019-06-22;310;14,33;19,25;23,82;;;;10,72;;61,08;100,41;10,78;9,75;33,61
2019;26;2019-06-23;2019-06-26;2019-06-29;334;16,88;21,82;27,23;;;;13,4;;62,09;100,78;10,5;24,45;36,26
2019;27;2019-06-30;2019-07-03;2019-07-06;361;19,05;23,96;28,61;25,94;31,35;36;16,43;;65,51;100,64;9,65;9,8;27,8
2019;28;2019-07-07;2019-07-10;2019-07-13;303;17,4;22,38;27,56;;;;13,98;;62,13;100,7;10,23;35,2;30,37
2019;29;2019-07-14;2019-07-17;2019-07-20;331;18,89;23,89;28,38;28,11;34,36;40,03;17,02;;66,76;100,59;11,66;3,2;31,59
2019;30;2019-07-21;2019-07-24;2019-07-27;308;17,31;22,55;27,45;25,83;31,44;35,75;14,14;;60,98;100,98;9,41;0,1;30,15
2019;31;2019-07-28;2019-07-31;2019-08-03;292;19,98;24,38;28,93;29,08;32,85;36,67;15,71;;60,47;100,94;11,21;0,75;33,17
2019;32;2019-08-04;2019-08-07;2019-08-10;294;16,5;20,9;25,4;28,33;29,76;32,33;14,01;;67,11;100,28;10,32;17,55;31,71
2019;33;2019-08-11;2019-08-14;2019-08-17;306;15,65;20,72;25,49;;;;13,33;;64,82;100,75;9,77;14,95;32,4
2019;34;2019-08-18;2019-08-21;2019-08-24;307;16,99;21,35;25,59;26,33;30,47;34;14,51;;67,14;100,89;10,02;3,3;35,48
2019;35;2019-08-25;2019-08-28;2019-08-31;299;14,99;19,46;23,64;;;;12,67;;67,19;101,16;9,92;24,7;34,46
2019;36;2019-09-01;2019-09-04;2019-09-07;330;12,68;16,9;21,11;;;;11,54;;72,56;101,01;10,1;66,3;33,2
2019;37;2019-09-08;2019-09-11;2019-09-14;297;10,67;15,44;20,39;;;;9,8;;71;101,64;11,03;13,15;30,67
2019;38;2019-09-15;2019-09-18;2019-09-21;320;10,61;15,9;20,92;;;;9,44;;67,19;101,65;8,36;0,3;36,2
2019;39;2019-09-22;2019-09-25;2019-09-28;345;13,51;17,38;20,63;;;;13,51;;78,96;100,46;10,59;20,4;27,98
2019;40;2019-09-29;2019-10-02;2019-10-05;338;5,18;9,31;13,17;;;;4,34;;72,69;101,65;9,87;60,55;26,76
2019;41;2019-10-06;2019-10-09;2019-10-12;311;7,51;12,06;16,99;;;;6,68;;71,57;101,75;11,16;10,5;30,7
2019;42;2019-10-13;2019-10-16;2019-10-19;342;5,59;9;12,45;;;;3,85;;71,59;100,5;12,96;73,75;29,8
2019;43;2019-10-20;2019-10-23;2019-10-26;372;5,2;9,2;13,12;;;;4,33;;73,22;101,28;9,01;24,95;30,51
2019;44;2019-10-27;2019-10-30;2019-11-02;336;5,63;8,9;12,25;;;;5,64;;80,99;100,98;12,2;104,15;24,75
2019;45;2019-11-03;2019-11-06;2019-11-09;339;-0,2;2,55;4,67;;;;-2,2;-6,06;72,06;101,41;13,09;16,75;26,08
2019;46;2019-11-10;2019-11-13;2019-11-16;370;-8,59;-4,72;-1,37;;;;-9,71;-13,51;69,01;101,61;14,85;15,45;23,36
2019;47;2019-11-17;2019-11-20;2019-11-23;373;-5,43;-1,81;1,37;;;;-5,48;-10,7;76,88;100,94;10,32;8,95;24,38
2019;48;2019-11-24;2019-11-27;2019-11-30;366;-3,17;-0,23;2,16;;;;-3,67;-9,84;78,11;100,72;10,39;16,5;24,41
2019;49;2019-12-01;2019-12-04;2019-12-07;387;-7,47;-4,79;-2,28;;;;-8,86;-11,51;74,15;100,52;11,86;5,75;23,25
2019;50;2019-12-08;2019-12-11;2019-12-14;374;-5,76;-1,25;2,29;;;;-5,49;-11,73;74,09;101,12;13,96;26,6;25,65
2019;51;2019-12-15;2019-12-18;2019-12-21;351;-13,16;-9,02;-6,06;;;;-12,83;-15,06;74,31;101,44;13,7;5;24,96
2019;52;2019-12-22;2019-12-25;2019-12-28;390;-5,19;-1,65;1,52;;;;-5,54;-10,97;75,52;101,51;12,19;6,85;27,33
2020;1;2019-12-29;2020-01-01;2020-01-04;385;-0,34;1,29;2,76;;;;-1,61;;81,27;99,9;10,68;2,6;22,78
2020;2;2020-01-05;2020-01-08;2020-01-11;415;-9,68;-5,07;-1,55;;;;-8,38;-11,55;78,1;101,18;11,08;46;22,06
2020;3;2020-01-12;2020-01-15;2020-01-18;390;-11,95;-8,74;-6,09;;;;-11,78;-15;79,13;101,99;10,97;28,85;19,87
2020;4;2020-01-19;2020-01-22;2020-01-25;420;-9,84;-6,24;-2,67;;;;-10,27;-18,59;73,69;101,76;12,71;12,15;26,24
2020;5;2020-01-26;2020-01-29;2020-02-01;375;-7,5;-4,42;-1,82;;;;-7,76;-10,43;78,33;100,94;7,73;11,6;23,77
2020;6;2020-02-02;2020-02-05;2020-02-08;405;-9,03;-5,85;-2,79;;;;-9,55;-13,69;76,16;100,23;12,31;25,65;19,4
2020;7;2020-02-09;2020-02-12;2020-02-15;390;-14,88;-8,76;-4,15;;;;-12,83;-14,6;73,38;101,48;9,57;11,6;23
2020;8;2020-02-16;2020-02-19;2020-02-22;370;-11,41;-5,79;-0,17;;;;-11,76;-15,24;63,76;101,66;15,63;8,5;28,6
2020;9;2020-02-23;2020-02-26;2020-02-29;410;-4,93;-1,78;1,04;;;;-6,81;-15,82;69,71;100,39;14,56;19,5;22,6
2020;10;2020-03-01;2020-03-04;2020-03-07;395;-5,04;-1,54;1,45;;;;-6,26;-12,04;72,02;100,73;13,65;26,15;25,31
2020;11;2020-03-08;2020-03-11;2020-03-14;365;-2,03;1,64;5,38;;;;-4,57;-7,36;65,33;101,26;15,62;23,7;28,75
2020;12;2020-03-15;2020-03-18;2020-03-21;360;-4,27;-0,24;3,93;;;;-7,48;-9,46;60,03;101,98;13,63;20,8;30,1
2020;13;2020-03-22;2020-03-25;2020-03-28;420;-2,37;1,82;5,98;;;;-4,85;-8,76;64,27;101,65;10,11;8,3;31,57
2020;14;2020-03-29;2020-04-01;2020-04-04;520;2,17;4,97;7,68;;;;0,57;;75,02;100,88;15,34;71,15;24,61
2020;15;2020-04-05;2020-04-08;2020-04-11;735;0,91;5,17;9,01;;;;-2,84;;60,01;99,94;14,33;12,3;30,05
2020;16;2020-04-12;2020-04-15;2020-04-18;805;0,4;4,84;8,5;;;;-3,36;;58,08;100,63;18,84;27,12;31,75
2020;17;2020-04-19;2020-04-22;2020-04-25;975;-1,66;3,4;8,21;;;;-9,03;;44,31;100,28;16,65;3;33,58
2020;18;2020-04-26;2020-04-29;2020-05-02;980;5,31;10,25;14,7;;;;-0,93;;49,34;101,08;19,34;8,73;32,41
2020;19;2020-05-03;2020-05-06;2020-05-09;820;3,84;7,75;11,88;;;;-2,37;;50,84;100,22;14,98;2,27;34,45
2020;20;2020-05-10;2020-05-13;2020-05-16;695;4,33;8,96;13,18;;;;-2,3;;49,67;100,99;15,14;19,03;33,39
2020;21;2020-05-17;2020-05-20;2020-05-23;615;10,6;16,87;22,18;;;;0,34;;34,79;101,81;15,75;0,07;40,09
2020;22;2020-05-24;2020-05-27;2020-05-30;585;16,29;22,55;28;26,61;31,85;36,28;13,65;;59,22;100,97;13,62;6;29,88
2020;23;2020-05-31;2020-06-03;2020-06-06;400;10,01;14,99;19,9;;;;8,38;;67,64;100,56;10,99;9,2;35,48
2020;24;2020-06-07;2020-06-10;2020-06-13;320;12,08;17,25;21,62;;;;7,4;;54,24;100,99;13,76;0,47;37,71
2020;25;2020-06-14;2020-06-17;2020-06-20;350;15,54;22,51;28,54;25,25;31,33;36,25;9,82;;47,04;101,74;9,12;0,07;39,56
2020;26;2020-06-21;2020-06-24;2020-06-27;350;19,13;23,57;28,35;27,03;32,89;38,78;15,33;;61,62;100,27;11,26;20,43;36,05
2020;27;2020-06-28;2020-07-01;2020-07-04;260;18,45;22,95;27,7;27;31,77;36,75;15,74;;66,95;100,58;10,82;3,73;26,24
2020;28;2020-07-05;2020-07-08;2020-07-11;300;19,98;25,6;30,76;30,29;35,01;39,88;17,33;;62,86;100,66;9,11;22,5;31,01
2020;29;2020-07-12;2020-07-15;2020-07-18;300;19,15;23,19;27,51;26,17;31,15;35,58;16,87;;68,81;100,84;12,47;20,47;32,41
2020;30;2020-07-19;2020-07-22;2020-07-25;285;19,06;23,62;27,94;28,12;33,58;38,38;16,06;;64,33;100,85;10,5;8,87;31,2
2020;31;2020-07-26;2020-07-29;2020-08-01;280;20,09;23,96;28,18;30;33,9;38,42;18,37;;72,65;100,34;10,36;38,33;34,72
2020;32;2020-08-02;2020-08-05;2020-08-08;280;17,74;21,47;25,24;26;29,69;33,5;16,29;;74,11;100,93;11,22;95,87;31,83
2020;33;2020-08-09;2020-08-12;2020-08-15;300;19,49;23,7;28,49;27,32;30,73;35,4;17,14;;68,55;101,08;9,71;4,07;29,57
2020;34;2020-08-16;2020-08-19;2020-08-22;280;15,79;19,82;23,95;;;;14,23;;71,7;100,71;9,33;18,7;32,8
2020;35;2020-08-23;2020-08-26;2020-08-29;310;13,89;18,08;21,92;;;;13,27;;75,03;100,36;9,88;63,9;29,67
2020;36;2020-08-30;2020-09-02;2020-09-05;310;13,99;18,07;22;;;;12,33;;70,64;100,6;12,52;8,28;34,63
2020;37;2020-09-06;2020-09-09;2020-09-12;300;11,49;15,54;19,51;;;;10,84;;75,18;101,68;10,47;12,87;29,87
2020;38;2020-09-13;2020-09-16;2020-09-19;325;7,91;12,86;16,8;;;;5,67;;63,4;101,48;11,31;20,63;34,76
2020;39;2020-09-20;2020-09-23;2020-09-26;320;7,54;13,1;18,9;;;;6,64;;66,82;101,52;7,27;0,93;29,36
2020;40;2020-09-27;2020-09-30;2020-10-03;365;12,38;15,35;18,76;;;;11,92;;80,98;100,46;10,07;41,78;28,84
2020;41;2020-10-04;2020-10-07;2020-10-10;350;7,1;11,68;15,64;;;;5,97;;69,32;100,73;12,69;12,87;31,56
2020;42;2020-10-11;2020-10-14;2020-10-17;375;5,88;9,81;13,81;;;;4,41;;71,66;101,22;11,12;35,53;29,41
2020;43;2020-10-18;2020-10-21;2020-10-24;310;6,6;10,97;15,61;;;;6,46;;75,3;101,57;11,8;36,7;26,36
2020;44;2020-10-25;2020-10-28;2020-10-31;340;-0,9;2,52;5,35;;;;-3,49;;66,53;101,57;10,39;10,67;28,91
2020;45;2020-11-01;2020-11-04;2020-11-07;375;2,48;6,77;11,4;;;;0,54;;65,76;100,97;14,49;4,03;27,61
2020;46;2020-11-08;2020-11-11;2020-11-14;335;5,61;10,17;14,65;;;;4,57;;69,37;101,26;10,13;0,13;30,24
2020;47;2020-11-15;2020-11-18;2020-11-21;330;-2,79;2,21;6,3;;;;-4,47;-9,5;62,25;101,26;15,13;8,43;27,4
2020;48;2020-11-22;2020-11-25;2020-11-28;370;-1,56;0,6;3,14;;;;-2,13;;82,96;101,42;10,66;42,7;19,22
2020;49;2020-11-29;2020-12-02;2020-12-05;360;0,79;3,56;5,91;;;;0,51;;80,91;100,34;13,06;28,03;24,38
2020;50;2020-12-06;2020-12-09;2020-12-12;360;-3,18;-1,39;0,41;;;;-4,87;-8,39;77,61;100,65;11,53;5,83;24,13
2020;51;2020-12-13;2020-12-16;2020-12-19;355;-11,17;-7,67;-3,82;;;;-13,05;-14,4;66,25;101,78;12,37;1,83;28,06
2020;52;2020-12-20;2020-12-23;2020-12-26;385;-3,89;0,29;4,05;;;;-2,49;-7,97;82,02;100,39;12,9;43,2;19,58
2020;53;2020-12-27;2020-12-30;2021-01-02;405;-6,79;-3,3;0,67;;;;-8,24;-11,39;69,2;101,44;15,37;14,78;27,01
2021;1;2021-01-03;2021-01-06;2021-01-09;470;-6,44;-4,11;-1,51;;;;-7,76;-8,18;76,68;101,34;9,76;0,2;24,36
2021;2;2021-01-10;2021-01-13;2021-01-16;445;-3,37;-1,36;0,42;;;;-3,6;-8,7;85,14;100,9;9,06;23,4;17,97
2021;3;2021-01-17;2021-01-20;2021-01-23;430;-11,87;-7,74;-4,71;;;;-10,64;-13,56;80,06;100,17;12,28;11,67;20,36
2021;4;2021-01-24;2021-01-27;2021-01-30;385;-14,15;-10,5;-7,62;;;;-14,63;-16,4;72,14;101,52;12,9;5,63;26,53
2021;5;2021-01-31;2021-02-03;2021-02-06;445;-9,94;-6,3;-2,97;;;;-10,32;-13,93;74,04;100,68;14,51;17,6;25,02
2021;6;2021-02-07;2021-02-10;2021-02-13;380;-15,07;-11,51;-8,34;;;;-17,39;-16,13;63,08;101,99;9,15;1,63;29,09
2021;7;2021-02-14;2021-02-17;2021-02-20;410;-12,32;-8,55;-5,5;;;;-12,34;-13,08;74,81;101,69;10,27;15,63;22,44
2021;8;2021-02-21;2021-02-24;2021-02-27;350;-7,36;-3,19;0,33;;;;-7,01;-9,19;75,85;101,03;11,4;27,73;24,79
2021;9;2021-02-28;2021-03-03;2021-03-06;350;-10,9;-6;-2,24;;;;-12,84;-14,95;59,89;100,71;17,42;8,6;28,9
2021;10;2021-03-07;2021-03-10;2021-03-13;345;-5,42;-0,69;3,59;;;;-7,56;-10,85;60,66;101,65;12,84;2,57;32,02
2021;11;2021-03-14;2021-03-17;2021-03-20;345;-8,52;-2,72;1,85;;;;-11,47;-13,26;52,57;101,81;13,69;0,63;33,85
2021;12;2021-03-21;2021-03-24;2021-03-27;345;2,51;8,22;14,38;;;;0,23;;61,99;101,37;9,68;28,1;31,47
2021;13;2021-03-28;2021-03-31;2021-04-03;325;-1,55;3,64;8,55;;;;-4,56;;58,19;100,96;16,6;16,1;30,8
2021;14;2021-04-04;2021-04-07;2021-04-10;350;5,51;11,74;17,71;;;;1,78;;52,92;101,12;10,49;0,27;35,12
2021;15;2021-04-11;2021-04-14;2021-04-17;300;5,91;9,65;13,85;;;;2,7;;64,53;100,53;14,25;32,9;30,46
2021;16;2021-04-18;2021-04-21;2021-04-24;325;3,1;7,39;12,03;;;;-1,34;;56,57;100,25;14,59;6,83;30,05
2021;17;2021-04-25;2021-04-28;2021-05-01;315;4,06;9,16;14,15;;;;0,81;;60,03;100,26;12,32;35,07;29,32
2021;18;2021-05-02;2021-05-05;2021-05-08;330;6,64;10,34;13,72;;;;1,21;;56,02;100,44;11,77;1,03;33,84
2021;19;2021-05-09;2021-05-12;2021-05-15;335;7,78;13,33;18,58;;;;2,43;;51,66;101,11;12,21;0,77;36,2
2021;20;2021-05-16;2021-05-19;2021-05-22;330;14,85;21,03;27,19;;;;9,34;;49,79;101,81;8,8;2,43;36,69
2021;21;2021-05-23;2021-05-26;2021-05-29;305;9,82;15,74;20,96;;;;4,66;;50,49;101,17;14,33;2,27;34,47
2021;22;2021-05-30;2021-06-02;2021-06-05;300;13,79;18,21;23,48;;;;10,56;;64;101,09;11,79;18,87;31,1
2021;23;2021-06-06;2021-06-09;2021-06-12;275;18,15;23,2;27,82;28,38;33,32;38,12;11,65;;50,96;100,88;12,3;0,07;35,19
2021;24;2021-06-13;2021-06-16;2021-06-19;280;14,92;19,59;24,48;;;;10,33;;58,93;100,28;12,19;16,43;35,92
2021;25;2021-06-20;2021-06-23;2021-06-26;295;14,94;20,36;25,5;;;;12,25;;61,74;100,78;11,81;24,73;33,4
2021;26;2021-06-27;2021-06-30;2021-07-03;320;19,14;22,49;25,56;30,83;34,52;38,92;17,09;;72,44;100,79;13,04;29,53;30,37
2021;27;2021-07-04;2021-07-07;2021-07-10;295;15,07;19,51;23,44;25;29,96;36;13,32;;69,31;100,81;9,64;19,07;31,03
2021;28;2021-07-11;2021-07-14;2021-07-17;295;19,16;22,97;26,68;26,5;30,18;34,19;17,39;;72,07;101,23;10,67;8,7;31,46
2021;29;2021-07-18;2021-07-21;2021-07-24;295;16,73;21,38;25,76;26;27,71;31;15,25;;69,98;101;8,44;13,3;30,78
2021;30;2021-07-25;2021-07-28;2021-07-31;300;15,73;19,49;23,09;;;;13,64;;70,62;100,6;11,22;16,57;29,61
2021;31;2021-08-01;2021-08-04;2021-08-07;310;16,75;21,52;25,96;25;29,45;33,5;14,48;;66,02;101,05;9,73;0,53;30,42
2021;32;2021-08-08;2021-08-11;2021-08-14;300;20,98;25,23;29,55;29,75;34,34;39,03;19,15;;70,42;100,95;11,23;13,17;31,88
2021;33;2021-08-15;2021-08-18;2021-08-21;315;18,48;23,19;27,8;29,4;33,95;38,25;17,3;;71,81;101,26;6,91;1,07;26,24
2021;34;2021-08-22;2021-08-25;2021-08-28;270;21,1;24,8;28,95;28,8;33,96;38,55;16,99;;63,53;101,09;10,85;0,33;30,2
2021;35;2021-08-29;2021-09-01;2021-09-04;295;15,41;19,53;23,76;26,75;29,98;34,25;12,76;;67,35;100,65;10,83;10,8;32,58
2021;36;2021-09-05;2021-09-08;2021-09-11;345;15,04;17,91;21,5;;;;13,6;;77,04;100,34;10,21;24,83;29,9
2021;37;2021-09-12;2021-09-15;2021-09-18;340;13,1;18,65;22,89;;;;12,3;;68,47;101,16;10,26;10,6;30,41
2021;38;2021-09-19;2021-09-22;2021-09-25;315;14,31;18,84;23,41;27;29,79;33,75;12,65;;68,77;101,31;11,01;36,4;33,88
2021;39;2021-09-26;2021-09-29;2021-10-02;305;9,82;12,71;15,6;;;;8,25;;75,73;100,9;9,05;14,77;27,01
2021;40;2021-10-03;2021-10-06;2021-10-09;335;9,23;14,1;19,21;;;;10,03;;77,92;101,69;8,71;1,2;26,9
2021;41;2021-10-10;2021-10-13;2021-10-16;360;14,19;17,21;20,42;;;;14,47;;84,66;100,85;6,97;17,7;25,14
2021;42;2021-10-17;2021-10-20;2021-10-23;315;6,44;9,4;12,66;;;;5,4;;76,9;100,47;10,14;21,9;28
2021;43;2021-10-24;2021-10-27;2021-10-30;360;4,44;7,68;11,11;;;;2,84;;72,46;100,93;14,74;10,77;26,87
2021;44;2021-10-31;2021-11-03;2021-11-06;370;1,85;5,23;8,59;;;;0,41;;72,87;101,29;10,94;43,68;31,08
2021;45;2021-11-07;2021-11-10;2021-11-13;375;3,77;7,72;11,47;;;;1,98;;68,81;101,12;9,16;22;28,63
2021;46;2021-11-14;2021-11-17;2021-11-20;370;-0,49;2,31;4,48;;;;-1,63;;76,18;101;11,67;19,37;26,53
2021;47;2021-11-21;2021-11-24;2021-11-27;325;-2,77;0,07;2,69;;;;-4,03;-8,5;75,14;100,75;11,83;21,42;25,9
2021;48;2021-11-28;2021-12-01;2021-12-04;365;-6,21;-3;-0,31;;;;-7,94;-7,84;70;100,6;11,45;6;28,87
2021;49;2021-12-05;2021-12-08;2021-12-11;355;-7,61;-3,76;0,24;;;;-7,41;-11,26;77,01;100,97;13,78;54,73;23,62
2021;50;2021-12-12;2021-12-15;2021-12-18;350;-1,6;2,25;6,83;;;;-3,87;-9,39;65,43;101,29;16,97;13;28,99
2021;51;2021-12-19;2021-12-22;2021-12-25;375;-11,35;-7,21;-2,95;;;;-11,62;-13,2;71,54;100,93;12,53;3,8;26,16
2021;52;2021-12-26;2021-12-29;2022-01-01;395;-6,57;-4,28;-1,79;;;;-7,53;-7,77;78,48;100,82;8,68;2,87;20,03
2022;1;2022-01-02;2022-01-05;2022-01-08;415;-13,65;-8,75;-4,59;;;;-12,52;-14,49;74,55;101,18;10,65;6,6;23,13
2022;2;2022-01-09;2022-01-12;2022-01-15;500;-18,36;-13,28;-9,01;;;;-18,26;-21,57;67,39;101,53;13,12;7,97;23,24
2022;3;2022-01-16;2022-01-19;2022-01-22;490;-21,48;-15,95;-10,17;;;;-19,94;-21,94;72,11;101,35;11,91;14,57;24,31
2022;4;2022-01-23;2022-01-26;2022-01-29;480;-20,76;-15,24;-9,98;;;;-19,9;-20,56;68,74;101,33;9,43;3,83;25,92
2022;5;2022-01-30;2022-02-02;2022-02-05;460;-13,61;-9,32;-5,2;;;;-13,87;-18,86;70,44;101,87;12,86;14,43;26,56
2022;6;2022-02-06;2022-02-09;2022-02-12;400;-8,66;-3,54;0,6;;;;-7,43;-12,91;75,15;100,95;12,16;5,57;25,29
2022;7;2022-02-13;2022-02-16;2022-02-19;350;-14,55;-9,14;-4,35;;;;-13,93;-19,16;69,31;101,34;14,65;49,77;23,35
2022;8;2022-02-20;2022-02-23;2022-02-26;355;-13,7;-8,18;-3,03;;;;-13,04;-16,58;69,22;101,79;15,41;20,57;25,5
2022;9;2022-02-27;2022-03-02;2022-03-05;310;-14,39;-9,06;-5,09;;;;-14,54;-14,58;66,01;101,53;12,81;9;26,55
2022;10;2022-03-06;2022-03-09;2022-03-12;340;-3,62;-0,35;3,05;;;;-4,79;-8,47;73,49;100,52;13,03;21,33;22,3
2022;11;2022-03-13;2022-03-16;2022-03-19;345;-2,12;2,05;5,72;;;;-2,63;-13,22;72,68;101,09;12,52;20,9;24,96
2022;12;2022-03-20;2022-03-23;2022-03-26;330;-0,23;2,8;5,89;;;;-1,91;;73,09;100,52;13,35;40,87;28,71
2022;13;2022-03-27;2022-03-30;2022-04-02;310;-5,09;-0,82;3,05;;;;-7,4;-13,29;62,94;100,36;14,96;3,33;28,11
2022;14;2022-04-03;2022-04-06;2022-04-09;345;0,98;5,08;8,92;;;;-1,24;;67,97;100,48;10,75;51,6;27,48
2022;15;2022-04-10;2022-04-13;2022-04-16;330;4,01;7,82;11,64;;;;1,14;;66,31;100,58;13,71;28,17;29,5
2022;16;2022-04-17;2022-04-20;2022-04-23;330;1,04;5,32;9,15;;;;-2,44;;60,31;101,57;14,88;34,3;30,37
2022;17;2022-04-24;2022-04-27;2022-04-30;310;4;8,8;13,5;;;;-2,65;;48,63;101,23;15,46;14,3;30,96
2022;18;2022-05-01;2022-05-04;2022-05-07;315;6,87;11,71;16,36;;;;1,27;;52,53;101,23;11,84;6,3;34,05
2022;19;2022-05-08;2022-05-11;2022-05-14;385;11,57;19,52;26,41;;;;3,55;;37,84;101,79;9,24;0,2;33,78
2022;20;2022-05-15;2022-05-18;2022-05-21;340;12,05;16,48;21,2;;;;10,93;;71,76;100,15;12,6;36,67;28,03
