YEAR;WEEK;START_DATE;MID_DATE;END_DATE;SEX;N_DEATH;FLAG
2010;1;2010-01-03;2010-01-06;2010-01-09;Total;1217;d
2010;1;2010-01-03;2010-01-06;2010-01-09;H;626;d
2010;1;2010-01-03;2010-01-06;2010-01-09;F;591;d
2010;2;2010-01-10;2010-01-13;2010-01-16;Total;1197;d
2010;2;2010-01-10;2010-01-13;2010-01-16;H;607;d
2010;2;2010-01-10;2010-01-13;2010-01-16;F;590;d
2010;3;2010-01-17;2010-01-20;2010-01-23;Total;1163;d
2010;3;2010-01-17;2010-01-20;2010-01-23;H;566;d
2010;3;2010-01-17;2010-01-20;2010-01-23;F;597;d
2010;4;2010-01-24;2010-01-27;2010-01-30;Total;1135;d
2010;4;2010-01-24;2010-01-27;2010-01-30;H;553;d
2010;4;2010-01-24;2010-01-27;2010-01-30;F;582;d
2010;5;2010-01-31;2010-02-03;2010-02-06;Total;1194;d
2010;5;2010-01-31;2010-02-03;2010-02-06;H;597;d
2010;5;2010-01-31;2010-02-03;2010-02-06;F;597;d
2010;6;2010-02-07;2010-02-10;2010-02-13;Total;1119;d
2010;6;2010-02-07;2010-02-10;2010-02-13;H;553;d
2010;6;2010-02-07;2010-02-10;2010-02-13;F;566;d
2010;7;2010-02-14;2010-02-17;2010-02-20;Total;1247;d
2010;7;2010-02-14;2010-02-17;2010-02-20;H;593;d
2010;7;2010-02-14;2010-02-17;2010-02-20;F;654;d
2010;8;2010-02-21;2010-02-24;2010-02-27;Total;1121;d
2010;8;2010-02-21;2010-02-24;2010-02-27;H;521;d
2010;8;2010-02-21;2010-02-24;2010-02-27;F;600;d
2010;9;2010-02-28;2010-03-03;2010-03-06;Total;1168;d
2010;9;2010-02-28;2010-03-03;2010-03-06;H;541;d
2010;9;2010-02-28;2010-03-03;2010-03-06;F;627;d
2010;10;2010-03-07;2010-03-10;2010-03-13;Total;1130;d
2010;10;2010-03-07;2010-03-10;2010-03-13;H;558;d
2010;10;2010-03-07;2010-03-10;2010-03-13;F;572;d
2010;11;2010-03-14;2010-03-17;2010-03-20;Total;1204;d
2010;11;2010-03-14;2010-03-17;2010-03-20;H;596;d
2010;11;2010-03-14;2010-03-17;2010-03-20;F;608;d
2010;12;2010-03-21;2010-03-24;2010-03-27;Total;1141;d
2010;12;2010-03-21;2010-03-24;2010-03-27;H;541;d
2010;12;2010-03-21;2010-03-24;2010-03-27;F;600;d
2010;13;2010-03-28;2010-03-31;2010-04-03;Total;1203;d
2010;13;2010-03-28;2010-03-31;2010-04-03;H;596;d
2010;13;2010-03-28;2010-03-31;2010-04-03;F;607;d
2010;14;2010-04-04;2010-04-07;2010-04-10;Total;1079;d
2010;14;2010-04-04;2010-04-07;2010-04-10;H;512;d
2010;14;2010-04-04;2010-04-07;2010-04-10;F;567;d
2010;15;2010-04-11;2010-04-14;2010-04-17;Total;1192;d
2010;15;2010-04-11;2010-04-14;2010-04-17;H;590;d
2010;15;2010-04-11;2010-04-14;2010-04-17;F;602;d
2010;16;2010-04-18;2010-04-21;2010-04-24;Total;1142;d
2010;16;2010-04-18;2010-04-21;2010-04-24;H;582;d
2010;16;2010-04-18;2010-04-21;2010-04-24;F;560;d
2010;17;2010-04-25;2010-04-28;2010-05-01;Total;1187;d
2010;17;2010-04-25;2010-04-28;2010-05-01;H;596;d
2010;17;2010-04-25;2010-04-28;2010-05-01;F;591;d
2010;18;2010-05-02;2010-05-05;2010-05-08;Total;1037;d
2010;18;2010-05-02;2010-05-05;2010-05-08;H;520;d
2010;18;2010-05-02;2010-05-05;2010-05-08;F;517;d
2010;19;2010-05-09;2010-05-12;2010-05-15;Total;1104;d
2010;19;2010-05-09;2010-05-12;2010-05-15;H;549;d
2010;19;2010-05-09;2010-05-12;2010-05-15;F;555;d
2010;20;2010-05-16;2010-05-19;2010-05-22;Total;1018;d
2010;20;2010-05-16;2010-05-19;2010-05-22;H;534;d
2010;20;2010-05-16;2010-05-19;2010-05-22;F;484;d
2010;21;2010-05-23;2010-05-26;2010-05-29;Total;1130;d
2010;21;2010-05-23;2010-05-26;2010-05-29;H;556;d
2010;21;2010-05-23;2010-05-26;2010-05-29;F;574;d
2010;22;2010-05-30;2010-06-02;2010-06-05;Total;1109;d
2010;22;2010-05-30;2010-06-02;2010-06-05;H;525;d
2010;22;2010-05-30;2010-06-02;2010-06-05;F;584;d
2010;23;2010-06-06;2010-06-09;2010-06-12;Total;1091;d
2010;23;2010-06-06;2010-06-09;2010-06-12;H;535;d
2010;23;2010-06-06;2010-06-09;2010-06-12;F;556;d
2010;24;2010-06-13;2010-06-16;2010-06-19;Total;1067;d
2010;24;2010-06-13;2010-06-16;2010-06-19;H;510;d
2010;24;2010-06-13;2010-06-16;2010-06-19;F;557;d
2010;25;2010-06-20;2010-06-23;2010-06-26;Total;1018;d
2010;25;2010-06-20;2010-06-23;2010-06-26;H;500;d
2010;25;2010-06-20;2010-06-23;2010-06-26;F;518;d
2010;26;2010-06-27;2010-06-30;2010-07-03;Total;999;d
2010;26;2010-06-27;2010-06-30;2010-07-03;H;488;d
2010;26;2010-06-27;2010-06-30;2010-07-03;F;511;d
2010;27;2010-07-04;2010-07-07;2010-07-10;Total;1302;d
2010;27;2010-07-04;2010-07-07;2010-07-10;H;641;d
2010;27;2010-07-04;2010-07-07;2010-07-10;F;661;d
2010;28;2010-07-11;2010-07-14;2010-07-17;Total;1153;d
2010;28;2010-07-11;2010-07-14;2010-07-17;H;569;d
2010;28;2010-07-11;2010-07-14;2010-07-17;F;584;d
2010;29;2010-07-18;2010-07-21;2010-07-24;Total;1121;d
2010;29;2010-07-18;2010-07-21;2010-07-24;H;552;d
2010;29;2010-07-18;2010-07-21;2010-07-24;F;569;d
2010;30;2010-07-25;2010-07-28;2010-07-31;Total;1053;d
2010;30;2010-07-25;2010-07-28;2010-07-31;H;551;d
2010;30;2010-07-25;2010-07-28;2010-07-31;F;502;d
2010;31;2010-08-01;2010-08-04;2010-08-07;Total;1012;d
2010;31;2010-08-01;2010-08-04;2010-08-07;H;472;d
2010;31;2010-08-01;2010-08-04;2010-08-07;F;540;d
2010;32;2010-08-08;2010-08-11;2010-08-14;Total;1040;d
2010;32;2010-08-08;2010-08-11;2010-08-14;H;515;d
2010;32;2010-08-08;2010-08-11;2010-08-14;F;525;d
2010;33;2010-08-15;2010-08-18;2010-08-21;Total;1037;d
2010;33;2010-08-15;2010-08-18;2010-08-21;H;483;d
2010;33;2010-08-15;2010-08-18;2010-08-21;F;554;d
2010;34;2010-08-22;2010-08-25;2010-08-28;Total;1040;d
2010;34;2010-08-22;2010-08-25;2010-08-28;H;520;d
2010;34;2010-08-22;2010-08-25;2010-08-28;F;520;d
2010;35;2010-08-29;2010-09-01;2010-09-04;Total;1062;d
2010;35;2010-08-29;2010-09-01;2010-09-04;H;526;d
2010;35;2010-08-29;2010-09-01;2010-09-04;F;536;d
2010;36;2010-09-05;2010-09-08;2010-09-11;Total;1054;d
2010;36;2010-09-05;2010-09-08;2010-09-11;H;551;d
2010;36;2010-09-05;2010-09-08;2010-09-11;F;503;d
2010;37;2010-09-12;2010-09-15;2010-09-18;Total;1050;d
2010;37;2010-09-12;2010-09-15;2010-09-18;H;551;d
2010;37;2010-09-12;2010-09-15;2010-09-18;F;499;d
2010;38;2010-09-19;2010-09-22;2010-09-25;Total;1092;d
2010;38;2010-09-19;2010-09-22;2010-09-25;H;552;d
2010;38;2010-09-19;2010-09-22;2010-09-25;F;540;d
2010;39;2010-09-26;2010-09-29;2010-10-02;Total;1074;d
2010;39;2010-09-26;2010-09-29;2010-10-02;H;540;d
2010;39;2010-09-26;2010-09-29;2010-10-02;F;534;d
2010;40;2010-10-03;2010-10-06;2010-10-09;Total;1123;d
2010;40;2010-10-03;2010-10-06;2010-10-09;H;541;d
2010;40;2010-10-03;2010-10-06;2010-10-09;F;582;d
2010;41;2010-10-10;2010-10-13;2010-10-16;Total;1217;d
2010;41;2010-10-10;2010-10-13;2010-10-16;H;577;d
2010;41;2010-10-10;2010-10-13;2010-10-16;F;640;d
2010;42;2010-10-17;2010-10-20;2010-10-23;Total;1149;d
2010;42;2010-10-17;2010-10-20;2010-10-23;H;550;d
2010;42;2010-10-17;2010-10-20;2010-10-23;F;599;d
2010;43;2010-10-24;2010-10-27;2010-10-30;Total;1201;d
2010;43;2010-10-24;2010-10-27;2010-10-30;H;574;d
2010;43;2010-10-24;2010-10-27;2010-10-30;F;627;d
2010;44;2010-10-31;2010-11-03;2010-11-06;Total;1141;d
2010;44;2010-10-31;2010-11-03;2010-11-06;H;558;d
2010;44;2010-10-31;2010-11-03;2010-11-06;F;583;d
2010;45;2010-11-07;2010-11-10;2010-11-13;Total;1093;d
2010;45;2010-11-07;2010-11-10;2010-11-13;H;540;d
2010;45;2010-11-07;2010-11-10;2010-11-13;F;553;d
2010;46;2010-11-14;2010-11-17;2010-11-20;Total;1113;d
2010;46;2010-11-14;2010-11-17;2010-11-20;H;553;d
2010;46;2010-11-14;2010-11-17;2010-11-20;F;560;d
2010;47;2010-11-21;2010-11-24;2010-11-27;Total;1107;d
2010;47;2010-11-21;2010-11-24;2010-11-27;H;531;d
2010;47;2010-11-21;2010-11-24;2010-11-27;F;576;d
2010;48;2010-11-28;2010-12-01;2010-12-04;Total;1206;d
2010;48;2010-11-28;2010-12-01;2010-12-04;H;600;d
2010;48;2010-11-28;2010-12-01;2010-12-04;F;606;d
2010;49;2010-12-05;2010-12-08;2010-12-11;Total;1133;d
2010;49;2010-12-05;2010-12-08;2010-12-11;H;570;d
2010;49;2010-12-05;2010-12-08;2010-12-11;F;563;d
2010;50;2010-12-12;2010-12-15;2010-12-18;Total;1174;d
2010;50;2010-12-12;2010-12-15;2010-12-18;H;573;d
2010;50;2010-12-12;2010-12-15;2010-12-18;F;601;d
2010;51;2010-12-19;2010-12-22;2010-12-25;Total;1218;d
2010;51;2010-12-19;2010-12-22;2010-12-25;H;599;d
2010;51;2010-12-19;2010-12-22;2010-12-25;F;619;d
2010;52;2010-12-26;2010-12-29;2011-01-01;Total;1285;d
2010;52;2010-12-26;2010-12-29;2011-01-01;H;603;d
2010;52;2010-12-26;2010-12-29;2011-01-01;F;682;d
2011;1;2011-01-02;2011-01-05;2011-01-08;Total;1331;d
2011;1;2011-01-02;2011-01-05;2011-01-08;H;659;d
2011;1;2011-01-02;2011-01-05;2011-01-08;F;672;d
2011;2;2011-01-09;2011-01-12;2011-01-15;Total;1321;d
2011;2;2011-01-09;2011-01-12;2011-01-15;H;626;d
2011;2;2011-01-09;2011-01-12;2011-01-15;F;695;d
2011;3;2011-01-16;2011-01-19;2011-01-22;Total;1304;d
2011;3;2011-01-16;2011-01-19;2011-01-22;H;622;d
2011;3;2011-01-16;2011-01-19;2011-01-22;F;682;d
2011;4;2011-01-23;2011-01-26;2011-01-29;Total;1312;d
2011;4;2011-01-23;2011-01-26;2011-01-29;H;646;d
2011;4;2011-01-23;2011-01-26;2011-01-29;F;666;d
2011;5;2011-01-30;2011-02-02;2011-02-05;Total;1290;d
2011;5;2011-01-30;2011-02-02;2011-02-05;H;660;d
2011;5;2011-01-30;2011-02-02;2011-02-05;F;630;d
2011;6;2011-02-06;2011-02-09;2011-02-12;Total;1273;d
2011;6;2011-02-06;2011-02-09;2011-02-12;H;595;d
2011;6;2011-02-06;2011-02-09;2011-02-12;F;678;d
2011;7;2011-02-13;2011-02-16;2011-02-19;Total;1285;d
2011;7;2011-02-13;2011-02-16;2011-02-19;H;632;d
2011;7;2011-02-13;2011-02-16;2011-02-19;F;653;d
2011;8;2011-02-20;2011-02-23;2011-02-26;Total;1229;d
2011;8;2011-02-20;2011-02-23;2011-02-26;H;559;d
2011;8;2011-02-20;2011-02-23;2011-02-26;F;670;d
2011;9;2011-02-27;2011-03-02;2011-03-05;Total;1264;d
2011;9;2011-02-27;2011-03-02;2011-03-05;H;573;d
2011;9;2011-02-27;2011-03-02;2011-03-05;F;691;d
2011;10;2011-03-06;2011-03-09;2011-03-12;Total;1316;d
2011;10;2011-03-06;2011-03-09;2011-03-12;H;630;d
2011;10;2011-03-06;2011-03-09;2011-03-12;F;686;d
2011;11;2011-03-13;2011-03-16;2011-03-19;Total;1254;d
2011;11;2011-03-13;2011-03-16;2011-03-19;H;587;d
2011;11;2011-03-13;2011-03-16;2011-03-19;F;667;d
2011;12;2011-03-20;2011-03-23;2011-03-26;Total;1186;d
2011;12;2011-03-20;2011-03-23;2011-03-26;H;561;d
2011;12;2011-03-20;2011-03-23;2011-03-26;F;625;d
2011;13;2011-03-27;2011-03-30;2011-04-02;Total;1223;d
2011;13;2011-03-27;2011-03-30;2011-04-02;H;625;d
2011;13;2011-03-27;2011-03-30;2011-04-02;F;598;d
2011;14;2011-04-03;2011-04-06;2011-04-09;Total;1187;d
2011;14;2011-04-03;2011-04-06;2011-04-09;H;568;d
2011;14;2011-04-03;2011-04-06;2011-04-09;F;619;d
2011;15;2011-04-10;2011-04-13;2011-04-16;Total;1181;d
2011;15;2011-04-10;2011-04-13;2011-04-16;H;593;d
2011;15;2011-04-10;2011-04-13;2011-04-16;F;588;d
2011;16;2011-04-17;2011-04-20;2011-04-23;Total;1167;d
2011;16;2011-04-17;2011-04-20;2011-04-23;H;554;d
2011;16;2011-04-17;2011-04-20;2011-04-23;F;613;d
2011;17;2011-04-24;2011-04-27;2011-04-30;Total;1114;d
2011;17;2011-04-24;2011-04-27;2011-04-30;H;566;d
2011;17;2011-04-24;2011-04-27;2011-04-30;F;548;d
2011;18;2011-05-01;2011-05-04;2011-05-07;Total;1147;d
2011;18;2011-05-01;2011-05-04;2011-05-07;H;539;d
2011;18;2011-05-01;2011-05-04;2011-05-07;F;608;d
2011;19;2011-05-08;2011-05-11;2011-05-14;Total;1135;d
2011;19;2011-05-08;2011-05-11;2011-05-14;H;577;d
2011;19;2011-05-08;2011-05-11;2011-05-14;F;558;d
2011;20;2011-05-15;2011-05-18;2011-05-21;Total;1107;d
2011;20;2011-05-15;2011-05-18;2011-05-21;H;525;d
2011;20;2011-05-15;2011-05-18;2011-05-21;F;582;d
2011;21;2011-05-22;2011-05-25;2011-05-28;Total;1016;d
2011;21;2011-05-22;2011-05-25;2011-05-28;H;507;d
2011;21;2011-05-22;2011-05-25;2011-05-28;F;509;d
2011;22;2011-05-29;2011-06-01;2011-06-04;Total;1048;d
2011;22;2011-05-29;2011-06-01;2011-06-04;H;542;d
2011;22;2011-05-29;2011-06-01;2011-06-04;F;506;d
2011;23;2011-06-05;2011-06-08;2011-06-11;Total;1110;d
2011;23;2011-06-05;2011-06-08;2011-06-11;H;546;d
2011;23;2011-06-05;2011-06-08;2011-06-11;F;564;d
2011;24;2011-06-12;2011-06-15;2011-06-18;Total;1102;d
2011;24;2011-06-12;2011-06-15;2011-06-18;H;571;d
2011;24;2011-06-12;2011-06-15;2011-06-18;F;531;d
2011;25;2011-06-19;2011-06-22;2011-06-25;Total;1028;d
2011;25;2011-06-19;2011-06-22;2011-06-25;H;504;d
2011;25;2011-06-19;2011-06-22;2011-06-25;F;524;d
2011;26;2011-06-26;2011-06-29;2011-07-02;Total;1038;d
2011;26;2011-06-26;2011-06-29;2011-07-02;H;546;d
2011;26;2011-06-26;2011-06-29;2011-07-02;F;492;d
2011;27;2011-07-03;2011-07-06;2011-07-09;Total;1028;d
2011;27;2011-07-03;2011-07-06;2011-07-09;H;522;d
2011;27;2011-07-03;2011-07-06;2011-07-09;F;506;d
2011;28;2011-07-10;2011-07-13;2011-07-16;Total;1030;d
2011;28;2011-07-10;2011-07-13;2011-07-16;H;523;d
2011;28;2011-07-10;2011-07-13;2011-07-16;F;507;d
2011;29;2011-07-17;2011-07-20;2011-07-23;Total;1082;d
2011;29;2011-07-17;2011-07-20;2011-07-23;H;533;d
2011;29;2011-07-17;2011-07-20;2011-07-23;F;549;d
2011;30;2011-07-24;2011-07-27;2011-07-30;Total;1068;d
2011;30;2011-07-24;2011-07-27;2011-07-30;H;526;d
2011;30;2011-07-24;2011-07-27;2011-07-30;F;542;d
2011;31;2011-07-31;2011-08-03;2011-08-06;Total;1033;d
2011;31;2011-07-31;2011-08-03;2011-08-06;H;512;d
2011;31;2011-07-31;2011-08-03;2011-08-06;F;521;d
2011;32;2011-08-07;2011-08-10;2011-08-13;Total;1062;d
2011;32;2011-08-07;2011-08-10;2011-08-13;H;517;d
2011;32;2011-08-07;2011-08-10;2011-08-13;F;545;d
2011;33;2011-08-14;2011-08-17;2011-08-20;Total;1046;d
2011;33;2011-08-14;2011-08-17;2011-08-20;H;526;d
2011;33;2011-08-14;2011-08-17;2011-08-20;F;520;d
2011;34;2011-08-21;2011-08-24;2011-08-27;Total;1036;d
2011;34;2011-08-21;2011-08-24;2011-08-27;H;525;d
2011;34;2011-08-21;2011-08-24;2011-08-27;F;511;d
2011;35;2011-08-28;2011-08-31;2011-09-03;Total;1058;d
2011;35;2011-08-28;2011-08-31;2011-09-03;H;546;d
2011;35;2011-08-28;2011-08-31;2011-09-03;F;512;d
2011;36;2011-09-04;2011-09-07;2011-09-10;Total;1009;d
2011;36;2011-09-04;2011-09-07;2011-09-10;H;495;d
2011;36;2011-09-04;2011-09-07;2011-09-10;F;514;d
2011;37;2011-09-11;2011-09-14;2011-09-17;Total;1029;d
2011;37;2011-09-11;2011-09-14;2011-09-17;H;493;d
2011;37;2011-09-11;2011-09-14;2011-09-17;F;536;d
2011;38;2011-09-18;2011-09-21;2011-09-24;Total;1104;d
2011;38;2011-09-18;2011-09-21;2011-09-24;H;557;d
2011;38;2011-09-18;2011-09-21;2011-09-24;F;547;d
2011;39;2011-09-25;2011-09-28;2011-10-01;Total;1076;d
2011;39;2011-09-25;2011-09-28;2011-10-01;H;526;d
2011;39;2011-09-25;2011-09-28;2011-10-01;F;550;d
2011;40;2011-10-02;2011-10-05;2011-10-08;Total;1107;d
2011;40;2011-10-02;2011-10-05;2011-10-08;H;563;d
2011;40;2011-10-02;2011-10-05;2011-10-08;F;544;d
2011;41;2011-10-09;2011-10-12;2011-10-15;Total;1064;d
2011;41;2011-10-09;2011-10-12;2011-10-15;H;540;d
2011;41;2011-10-09;2011-10-12;2011-10-15;F;524;d
2011;42;2011-10-16;2011-10-19;2011-10-22;Total;1127;d
2011;42;2011-10-16;2011-10-19;2011-10-22;H;590;d
2011;42;2011-10-16;2011-10-19;2011-10-22;F;537;d
2011;43;2011-10-23;2011-10-26;2011-10-29;Total;1092;d
2011;43;2011-10-23;2011-10-26;2011-10-29;H;516;d
2011;43;2011-10-23;2011-10-26;2011-10-29;F;576;d
2011;44;2011-10-30;2011-11-02;2011-11-05;Total;1076;d
2011;44;2011-10-30;2011-11-02;2011-11-05;H;530;d
2011;44;2011-10-30;2011-11-02;2011-11-05;F;546;d
2011;45;2011-11-06;2011-11-09;2011-11-12;Total;1081;d
2011;45;2011-11-06;2011-11-09;2011-11-12;H;540;d
2011;45;2011-11-06;2011-11-09;2011-11-12;F;541;d
2011;46;2011-11-13;2011-11-16;2011-11-19;Total;1092;d
2011;46;2011-11-13;2011-11-16;2011-11-19;H;553;d
2011;46;2011-11-13;2011-11-16;2011-11-19;F;539;d
2011;47;2011-11-20;2011-11-23;2011-11-26;Total;1115;d
2011;47;2011-11-20;2011-11-23;2011-11-26;H;550;d
2011;47;2011-11-20;2011-11-23;2011-11-26;F;565;d
2011;48;2011-11-27;2011-11-30;2011-12-03;Total;1180;d
2011;48;2011-11-27;2011-11-30;2011-12-03;H;581;d
2011;48;2011-11-27;2011-11-30;2011-12-03;F;599;d
2011;49;2011-12-04;2011-12-07;2011-12-10;Total;1188;d
2011;49;2011-12-04;2011-12-07;2011-12-10;H;596;d
2011;49;2011-12-04;2011-12-07;2011-12-10;F;592;d
2011;50;2011-12-11;2011-12-14;2011-12-17;Total;1172;d
2011;50;2011-12-11;2011-12-14;2011-12-17;H;581;d
2011;50;2011-12-11;2011-12-14;2011-12-17;F;591;d
2011;51;2011-12-18;2011-12-21;2011-12-24;Total;1194;d
2011;51;2011-12-18;2011-12-21;2011-12-24;H;625;d
2011;51;2011-12-18;2011-12-21;2011-12-24;F;569;d
2011;52;2011-12-25;2011-12-28;2011-12-31;Total;1231;d
2011;52;2011-12-25;2011-12-28;2011-12-31;H;594;d
2011;52;2011-12-25;2011-12-28;2011-12-31;F;637;d
2012;1;2012-01-01;2012-01-04;2012-01-07;Total;1260;d
2012;1;2012-01-01;2012-01-04;2012-01-07;H;608;d
2012;1;2012-01-01;2012-01-04;2012-01-07;F;652;d
2012;2;2012-01-08;2012-01-11;2012-01-14;Total;1287;d
2012;2;2012-01-08;2012-01-11;2012-01-14;H;650;d
2012;2;2012-01-08;2012-01-11;2012-01-14;F;637;d
2012;3;2012-01-15;2012-01-18;2012-01-21;Total;1325;d
2012;3;2012-01-15;2012-01-18;2012-01-21;H;653;d
2012;3;2012-01-15;2012-01-18;2012-01-21;F;672;d
2012;4;2012-01-22;2012-01-25;2012-01-28;Total;1250;d
2012;4;2012-01-22;2012-01-25;2012-01-28;H;612;d
2012;4;2012-01-22;2012-01-25;2012-01-28;F;638;d
2012;5;2012-01-29;2012-02-01;2012-02-04;Total;1210;d
2012;5;2012-01-29;2012-02-01;2012-02-04;H;564;d
2012;5;2012-01-29;2012-02-01;2012-02-04;F;646;d
2012;6;2012-02-05;2012-02-08;2012-02-11;Total;1255;d
2012;6;2012-02-05;2012-02-08;2012-02-11;H;628;d
2012;6;2012-02-05;2012-02-08;2012-02-11;F;627;d
2012;7;2012-02-12;2012-02-15;2012-02-18;Total;1186;d
2012;7;2012-02-12;2012-02-15;2012-02-18;H;580;d
2012;7;2012-02-12;2012-02-15;2012-02-18;F;606;d
2012;8;2012-02-19;2012-02-22;2012-02-25;Total;1213;d
2012;8;2012-02-19;2012-02-22;2012-02-25;H;592;d
2012;8;2012-02-19;2012-02-22;2012-02-25;F;621;d
2012;9;2012-02-26;2012-02-29;2012-03-03;Total;1245;d
2012;9;2012-02-26;2012-02-29;2012-03-03;H;644;d
2012;9;2012-02-26;2012-02-29;2012-03-03;F;601;d
2012;10;2012-03-04;2012-03-07;2012-03-10;Total;1234;d
2012;10;2012-03-04;2012-03-07;2012-03-10;H;603;d
2012;10;2012-03-04;2012-03-07;2012-03-10;F;631;d
2012;11;2012-03-11;2012-03-14;2012-03-17;Total;1237;d
2012;11;2012-03-11;2012-03-14;2012-03-17;H;573;d
2012;11;2012-03-11;2012-03-14;2012-03-17;F;664;d
2012;12;2012-03-18;2012-03-21;2012-03-24;Total;1239;d
2012;12;2012-03-18;2012-03-21;2012-03-24;H;595;d
2012;12;2012-03-18;2012-03-21;2012-03-24;F;644;d
2012;13;2012-03-25;2012-03-28;2012-03-31;Total;1189;d
2012;13;2012-03-25;2012-03-28;2012-03-31;H;561;d
2012;13;2012-03-25;2012-03-28;2012-03-31;F;628;d
2012;14;2012-04-01;2012-04-04;2012-04-07;Total;1157;d
2012;14;2012-04-01;2012-04-04;2012-04-07;H;545;d
2012;14;2012-04-01;2012-04-04;2012-04-07;F;612;d
2012;15;2012-04-08;2012-04-11;2012-04-14;Total;1160;d
2012;15;2012-04-08;2012-04-11;2012-04-14;H;585;d
2012;15;2012-04-08;2012-04-11;2012-04-14;F;575;d
2012;16;2012-04-15;2012-04-18;2012-04-21;Total;1194;d
2012;16;2012-04-15;2012-04-18;2012-04-21;H;601;d
2012;16;2012-04-15;2012-04-18;2012-04-21;F;593;d
2012;17;2012-04-22;2012-04-25;2012-04-28;Total;1186;d
2012;17;2012-04-22;2012-04-25;2012-04-28;H;591;d
2012;17;2012-04-22;2012-04-25;2012-04-28;F;595;d
2012;18;2012-04-29;2012-05-02;2012-05-05;Total;1133;d
2012;18;2012-04-29;2012-05-02;2012-05-05;H;549;d
2012;18;2012-04-29;2012-05-02;2012-05-05;F;584;d
2012;19;2012-05-06;2012-05-09;2012-05-12;Total;1129;d
2012;19;2012-05-06;2012-05-09;2012-05-12;H;553;d
2012;19;2012-05-06;2012-05-09;2012-05-12;F;576;d
2012;20;2012-05-13;2012-05-16;2012-05-19;Total;1155;d
2012;20;2012-05-13;2012-05-16;2012-05-19;H;586;d
2012;20;2012-05-13;2012-05-16;2012-05-19;F;569;d
2012;21;2012-05-20;2012-05-23;2012-05-26;Total;1131;d
2012;21;2012-05-20;2012-05-23;2012-05-26;H;548;d
2012;21;2012-05-20;2012-05-23;2012-05-26;F;583;d
2012;22;2012-05-27;2012-05-30;2012-06-02;Total;1068;d
2012;22;2012-05-27;2012-05-30;2012-06-02;H;545;d
2012;22;2012-05-27;2012-05-30;2012-06-02;F;523;d
2012;23;2012-06-03;2012-06-06;2012-06-09;Total;1089;d
2012;23;2012-06-03;2012-06-06;2012-06-09;H;571;d
2012;23;2012-06-03;2012-06-06;2012-06-09;F;518;d
2012;24;2012-06-10;2012-06-13;2012-06-16;Total;1057;d
2012;24;2012-06-10;2012-06-13;2012-06-16;H;533;d
2012;24;2012-06-10;2012-06-13;2012-06-16;F;524;d
2012;25;2012-06-17;2012-06-20;2012-06-23;Total;1059;d
2012;25;2012-06-17;2012-06-20;2012-06-23;H;506;d
2012;25;2012-06-17;2012-06-20;2012-06-23;F;553;d
2012;26;2012-06-24;2012-06-27;2012-06-30;Total;1085;d
2012;26;2012-06-24;2012-06-27;2012-06-30;H;564;d
2012;26;2012-06-24;2012-06-27;2012-06-30;F;521;d
2012;27;2012-07-01;2012-07-04;2012-07-07;Total;1135;d
2012;27;2012-07-01;2012-07-04;2012-07-07;H;559;d
2012;27;2012-07-01;2012-07-04;2012-07-07;F;576;d
2012;28;2012-07-08;2012-07-11;2012-07-14;Total;1094;d
2012;28;2012-07-08;2012-07-11;2012-07-14;H;542;d
2012;28;2012-07-08;2012-07-11;2012-07-14;F;552;d
2012;29;2012-07-15;2012-07-18;2012-07-21;Total;1074;d
2012;29;2012-07-15;2012-07-18;2012-07-21;H;528;d
2012;29;2012-07-15;2012-07-18;2012-07-21;F;546;d
2012;30;2012-07-22;2012-07-25;2012-07-28;Total;1068;d
2012;30;2012-07-22;2012-07-25;2012-07-28;H;536;d
2012;30;2012-07-22;2012-07-25;2012-07-28;F;532;d
2012;31;2012-07-29;2012-08-01;2012-08-04;Total;1121;d
2012;31;2012-07-29;2012-08-01;2012-08-04;H;541;d
2012;31;2012-07-29;2012-08-01;2012-08-04;F;580;d
2012;32;2012-08-05;2012-08-08;2012-08-11;Total;1108;d
2012;32;2012-08-05;2012-08-08;2012-08-11;H;533;d
2012;32;2012-08-05;2012-08-08;2012-08-11;F;575;d
2012;33;2012-08-12;2012-08-15;2012-08-18;Total;1074;d
2012;33;2012-08-12;2012-08-15;2012-08-18;H;528;d
2012;33;2012-08-12;2012-08-15;2012-08-18;F;546;d
2012;34;2012-08-19;2012-08-22;2012-08-25;Total;1110;d
2012;34;2012-08-19;2012-08-22;2012-08-25;H;577;d
2012;34;2012-08-19;2012-08-22;2012-08-25;F;533;d
2012;35;2012-08-26;2012-08-29;2012-09-01;Total;1041;d
2012;35;2012-08-26;2012-08-29;2012-09-01;H;527;d
2012;35;2012-08-26;2012-08-29;2012-09-01;F;514;d
2012;36;2012-09-02;2012-09-05;2012-09-08;Total;1097;d
2012;36;2012-09-02;2012-09-05;2012-09-08;H;527;d
2012;36;2012-09-02;2012-09-05;2012-09-08;F;570;d
2012;37;2012-09-09;2012-09-12;2012-09-15;Total;1072;d
2012;37;2012-09-09;2012-09-12;2012-09-15;H;554;d
2012;37;2012-09-09;2012-09-12;2012-09-15;F;518;d
2012;38;2012-09-16;2012-09-19;2012-09-22;Total;1125;d
2012;38;2012-09-16;2012-09-19;2012-09-22;H;551;d
2012;38;2012-09-16;2012-09-19;2012-09-22;F;574;d
2012;39;2012-09-23;2012-09-26;2012-09-29;Total;1073;d
2012;39;2012-09-23;2012-09-26;2012-09-29;H;554;d
2012;39;2012-09-23;2012-09-26;2012-09-29;F;519;d
2012;40;2012-09-30;2012-10-03;2012-10-06;Total;1058;d
2012;40;2012-09-30;2012-10-03;2012-10-06;H;517;d
2012;40;2012-09-30;2012-10-03;2012-10-06;F;541;d
2012;41;2012-10-07;2012-10-10;2012-10-13;Total;1133;d
2012;41;2012-10-07;2012-10-10;2012-10-13;H;553;d
2012;41;2012-10-07;2012-10-10;2012-10-13;F;580;d
2012;42;2012-10-14;2012-10-17;2012-10-20;Total;1188;d
2012;42;2012-10-14;2012-10-17;2012-10-20;H;599;d
2012;42;2012-10-14;2012-10-17;2012-10-20;F;589;d
2012;43;2012-10-21;2012-10-24;2012-10-27;Total;1130;d
2012;43;2012-10-21;2012-10-24;2012-10-27;H;573;d
2012;43;2012-10-21;2012-10-24;2012-10-27;F;557;d
2012;44;2012-10-28;2012-10-31;2012-11-03;Total;1150;d
2012;44;2012-10-28;2012-10-31;2012-11-03;H;547;d
2012;44;2012-10-28;2012-10-31;2012-11-03;F;603;d
2012;45;2012-11-04;2012-11-07;2012-11-10;Total;1147;d
2012;45;2012-11-04;2012-11-07;2012-11-10;H;570;d
2012;45;2012-11-04;2012-11-07;2012-11-10;F;577;d
2012;46;2012-11-11;2012-11-14;2012-11-17;Total;1122;d
2012;46;2012-11-11;2012-11-14;2012-11-17;H;562;d
2012;46;2012-11-11;2012-11-14;2012-11-17;F;560;d
2012;47;2012-11-18;2012-11-21;2012-11-24;Total;1117;d
2012;47;2012-11-18;2012-11-21;2012-11-24;H;562;d
2012;47;2012-11-18;2012-11-21;2012-11-24;F;555;d
2012;48;2012-11-25;2012-11-28;2012-12-01;Total;1152;d
2012;48;2012-11-25;2012-11-28;2012-12-01;H;586;d
2012;48;2012-11-25;2012-11-28;2012-12-01;F;566;d
2012;49;2012-12-02;2012-12-05;2012-12-08;Total;1228;d
2012;49;2012-12-02;2012-12-05;2012-12-08;H;598;d
2012;49;2012-12-02;2012-12-05;2012-12-08;F;630;d
2012;50;2012-12-09;2012-12-12;2012-12-15;Total;1221;d
2012;50;2012-12-09;2012-12-12;2012-12-15;H;632;d
2012;50;2012-12-09;2012-12-12;2012-12-15;F;589;d
2012;51;2012-12-16;2012-12-19;2012-12-22;Total;1422;d
2012;51;2012-12-16;2012-12-19;2012-12-22;H;713;d
2012;51;2012-12-16;2012-12-19;2012-12-22;F;709;d
2012;52;2012-12-23;2012-12-26;2012-12-29;Total;1517;d
2012;52;2012-12-23;2012-12-26;2012-12-29;H;724;d
2012;52;2012-12-23;2012-12-26;2012-12-29;F;793;d
2013;1;2012-12-30;2013-01-02;2013-01-05;Total;1638;d
2013;1;2012-12-30;2013-01-02;2013-01-05;H;761;d
2013;1;2012-12-30;2013-01-02;2013-01-05;F;877;d
2013;2;2013-01-06;2013-01-09;2013-01-12;Total;1596;d
2013;2;2013-01-06;2013-01-09;2013-01-12;H;744;d
2013;2;2013-01-06;2013-01-09;2013-01-12;F;852;d
2013;3;2013-01-13;2013-01-16;2013-01-19;Total;1566;d
2013;3;2013-01-13;2013-01-16;2013-01-19;H;737;d
2013;3;2013-01-13;2013-01-16;2013-01-19;F;829;d
2013;4;2013-01-20;2013-01-23;2013-01-26;Total;1378;d
2013;4;2013-01-20;2013-01-23;2013-01-26;H;652;d
2013;4;2013-01-20;2013-01-23;2013-01-26;F;726;d
2013;5;2013-01-27;2013-01-30;2013-02-02;Total;1417;d
2013;5;2013-01-27;2013-01-30;2013-02-02;H;684;d
2013;5;2013-01-27;2013-01-30;2013-02-02;F;733;d
2013;6;2013-02-03;2013-02-06;2013-02-09;Total;1264;d
2013;6;2013-02-03;2013-02-06;2013-02-09;H;592;d
2013;6;2013-02-03;2013-02-06;2013-02-09;F;672;d
2013;7;2013-02-10;2013-02-13;2013-02-16;Total;1333;d
2013;7;2013-02-10;2013-02-13;2013-02-16;H;628;d
2013;7;2013-02-10;2013-02-13;2013-02-16;F;705;d
2013;8;2013-02-17;2013-02-20;2013-02-23;Total;1293;d
2013;8;2013-02-17;2013-02-20;2013-02-23;H;625;d
2013;8;2013-02-17;2013-02-20;2013-02-23;F;668;d
2013;9;2013-02-24;2013-02-27;2013-03-02;Total;1284;d
2013;9;2013-02-24;2013-02-27;2013-03-02;H;658;d
2013;9;2013-02-24;2013-02-27;2013-03-02;F;626;d
2013;10;2013-03-03;2013-03-06;2013-03-09;Total;1186;d
2013;10;2013-03-03;2013-03-06;2013-03-09;H;595;d
2013;10;2013-03-03;2013-03-06;2013-03-09;F;591;d
2013;11;2013-03-10;2013-03-13;2013-03-16;Total;1195;d
2013;11;2013-03-10;2013-03-13;2013-03-16;H;583;d
2013;11;2013-03-10;2013-03-13;2013-03-16;F;612;d
2013;12;2013-03-17;2013-03-20;2013-03-23;Total;1267;d
2013;12;2013-03-17;2013-03-20;2013-03-23;H;607;d
2013;12;2013-03-17;2013-03-20;2013-03-23;F;660;d
2013;13;2013-03-24;2013-03-27;2013-03-30;Total;1163;d
2013;13;2013-03-24;2013-03-27;2013-03-30;H;591;d
2013;13;2013-03-24;2013-03-27;2013-03-30;F;572;d
2013;14;2013-03-31;2013-04-03;2013-04-06;Total;1186;d
2013;14;2013-03-31;2013-04-03;2013-04-06;H;568;d
2013;14;2013-03-31;2013-04-03;2013-04-06;F;618;d
2013;15;2013-04-07;2013-04-10;2013-04-13;Total;1183;d
2013;15;2013-04-07;2013-04-10;2013-04-13;H;575;d
2013;15;2013-04-07;2013-04-10;2013-04-13;F;608;d
2013;16;2013-04-14;2013-04-17;2013-04-20;Total;1234;d
2013;16;2013-04-14;2013-04-17;2013-04-20;H;600;d
2013;16;2013-04-14;2013-04-17;2013-04-20;F;634;d
2013;17;2013-04-21;2013-04-24;2013-04-27;Total;1103;d
2013;17;2013-04-21;2013-04-24;2013-04-27;H;514;d
2013;17;2013-04-21;2013-04-24;2013-04-27;F;589;d
2013;18;2013-04-28;2013-05-01;2013-05-04;Total;1142;d
2013;18;2013-04-28;2013-05-01;2013-05-04;H;552;d
2013;18;2013-04-28;2013-05-01;2013-05-04;F;590;d
2013;19;2013-05-05;2013-05-08;2013-05-11;Total;1214;d
2013;19;2013-05-05;2013-05-08;2013-05-11;H;588;d
2013;19;2013-05-05;2013-05-08;2013-05-11;F;626;d
2013;20;2013-05-12;2013-05-15;2013-05-18;Total;1111;d
2013;20;2013-05-12;2013-05-15;2013-05-18;H;532;d
2013;20;2013-05-12;2013-05-15;2013-05-18;F;579;d
2013;21;2013-05-19;2013-05-22;2013-05-25;Total;1056;d
2013;21;2013-05-19;2013-05-22;2013-05-25;H;546;d
2013;21;2013-05-19;2013-05-22;2013-05-25;F;510;d
2013;22;2013-05-26;2013-05-29;2013-06-01;Total;1150;d
2013;22;2013-05-26;2013-05-29;2013-06-01;H;571;d
2013;22;2013-05-26;2013-05-29;2013-06-01;F;579;d
2013;23;2013-06-02;2013-06-05;2013-06-08;Total;1046;d
2013;23;2013-06-02;2013-06-05;2013-06-08;H;533;d
2013;23;2013-06-02;2013-06-05;2013-06-08;F;513;d
2013;24;2013-06-09;2013-06-12;2013-06-15;Total;1086;d
2013;24;2013-06-09;2013-06-12;2013-06-15;H;549;d
2013;24;2013-06-09;2013-06-12;2013-06-15;F;537;d
2013;25;2013-06-16;2013-06-19;2013-06-22;Total;1045;d
2013;25;2013-06-16;2013-06-19;2013-06-22;H;538;d
2013;25;2013-06-16;2013-06-19;2013-06-22;F;507;d
2013;26;2013-06-23;2013-06-26;2013-06-29;Total;1041;d
2013;26;2013-06-23;2013-06-26;2013-06-29;H;519;d
2013;26;2013-06-23;2013-06-26;2013-06-29;F;522;d
2013;27;2013-06-30;2013-07-03;2013-07-06;Total;1131;d
2013;27;2013-06-30;2013-07-03;2013-07-06;H;562;d
2013;27;2013-06-30;2013-07-03;2013-07-06;F;569;d
2013;28;2013-07-07;2013-07-10;2013-07-13;Total;1103;d
2013;28;2013-07-07;2013-07-10;2013-07-13;H;528;d
2013;28;2013-07-07;2013-07-10;2013-07-13;F;575;d
2013;29;2013-07-14;2013-07-17;2013-07-20;Total;1128;d
2013;29;2013-07-14;2013-07-17;2013-07-20;H;551;d
2013;29;2013-07-14;2013-07-17;2013-07-20;F;577;d
2013;30;2013-07-21;2013-07-24;2013-07-27;Total;1031;d
2013;30;2013-07-21;2013-07-24;2013-07-27;H;495;d
2013;30;2013-07-21;2013-07-24;2013-07-27;F;536;d
2013;31;2013-07-28;2013-07-31;2013-08-03;Total;1076;d
2013;31;2013-07-28;2013-07-31;2013-08-03;H;537;d
2013;31;2013-07-28;2013-07-31;2013-08-03;F;539;d
2013;32;2013-08-04;2013-08-07;2013-08-10;Total;1032;d
2013;32;2013-08-04;2013-08-07;2013-08-10;H;503;d
2013;32;2013-08-04;2013-08-07;2013-08-10;F;529;d
2013;33;2013-08-11;2013-08-14;2013-08-17;Total;1103;d
2013;33;2013-08-11;2013-08-14;2013-08-17;H;548;d
2013;33;2013-08-11;2013-08-14;2013-08-17;F;555;d
2013;34;2013-08-18;2013-08-21;2013-08-24;Total;1020;d
2013;34;2013-08-18;2013-08-21;2013-08-24;H;516;d
2013;34;2013-08-18;2013-08-21;2013-08-24;F;504;d
2013;35;2013-08-25;2013-08-28;2013-08-31;Total;1053;d
2013;35;2013-08-25;2013-08-28;2013-08-31;H;509;d
2013;35;2013-08-25;2013-08-28;2013-08-31;F;544;d
2013;36;2013-09-01;2013-09-04;2013-09-07;Total;1105;d
2013;36;2013-09-01;2013-09-04;2013-09-07;H;564;d
2013;36;2013-09-01;2013-09-04;2013-09-07;F;541;d
2013;37;2013-09-08;2013-09-11;2013-09-14;Total;1095;d
2013;37;2013-09-08;2013-09-11;2013-09-14;H;553;d
2013;37;2013-09-08;2013-09-11;2013-09-14;F;542;d
2013;38;2013-09-15;2013-09-18;2013-09-21;Total;1092;d
2013;38;2013-09-15;2013-09-18;2013-09-21;H;540;d
2013;38;2013-09-15;2013-09-18;2013-09-21;F;552;d
2013;39;2013-09-22;2013-09-25;2013-09-28;Total;1104;d
2013;39;2013-09-22;2013-09-25;2013-09-28;H;531;d
2013;39;2013-09-22;2013-09-25;2013-09-28;F;573;d
2013;40;2013-09-29;2013-10-02;2013-10-05;Total;1160;d
2013;40;2013-09-29;2013-10-02;2013-10-05;H;571;d
2013;40;2013-09-29;2013-10-02;2013-10-05;F;589;d
2013;41;2013-10-06;2013-10-09;2013-10-12;Total;1064;d
2013;41;2013-10-06;2013-10-09;2013-10-12;H;533;d
2013;41;2013-10-06;2013-10-09;2013-10-12;F;531;d
2013;42;2013-10-13;2013-10-16;2013-10-19;Total;1037;d
2013;42;2013-10-13;2013-10-16;2013-10-19;H;539;d
2013;42;2013-10-13;2013-10-16;2013-10-19;F;498;d
2013;43;2013-10-20;2013-10-23;2013-10-26;Total;1118;d
2013;43;2013-10-20;2013-10-23;2013-10-26;H;532;d
2013;43;2013-10-20;2013-10-23;2013-10-26;F;586;d
2013;44;2013-10-27;2013-10-30;2013-11-02;Total;1138;d
2013;44;2013-10-27;2013-10-30;2013-11-02;H;547;d
2013;44;2013-10-27;2013-10-30;2013-11-02;F;591;d
2013;45;2013-11-03;2013-11-06;2013-11-09;Total;1132;d
2013;45;2013-11-03;2013-11-06;2013-11-09;H;568;d
2013;45;2013-11-03;2013-11-06;2013-11-09;F;564;d
2013;46;2013-11-10;2013-11-13;2013-11-16;Total;1147;d
2013;46;2013-11-10;2013-11-13;2013-11-16;H;551;d
2013;46;2013-11-10;2013-11-13;2013-11-16;F;596;d
2013;47;2013-11-17;2013-11-20;2013-11-23;Total;1156;d
2013;47;2013-11-17;2013-11-20;2013-11-23;H;570;d
2013;47;2013-11-17;2013-11-20;2013-11-23;F;586;d
2013;48;2013-11-24;2013-11-27;2013-11-30;Total;1158;d
2013;48;2013-11-24;2013-11-27;2013-11-30;H;585;d
2013;48;2013-11-24;2013-11-27;2013-11-30;F;573;d
2013;49;2013-12-01;2013-12-04;2013-12-07;Total;1171;d
2013;49;2013-12-01;2013-12-04;2013-12-07;H;591;d
2013;49;2013-12-01;2013-12-04;2013-12-07;F;580;d
2013;50;2013-12-08;2013-12-11;2013-12-14;Total;1182;d
2013;50;2013-12-08;2013-12-11;2013-12-14;H;573;d
2013;50;2013-12-08;2013-12-11;2013-12-14;F;609;d
2013;51;2013-12-15;2013-12-18;2013-12-21;Total;1222;d
2013;51;2013-12-15;2013-12-18;2013-12-21;H;591;d
2013;51;2013-12-15;2013-12-18;2013-12-21;F;631;d
2013;52;2013-12-22;2013-12-25;2013-12-28;Total;1302;d
2013;52;2013-12-22;2013-12-25;2013-12-28;H;639;d
2013;52;2013-12-22;2013-12-25;2013-12-28;F;663;d
2014;1;2013-12-29;2014-01-01;2014-01-04;Total;1351;d
2014;1;2013-12-29;2014-01-01;2014-01-04;H;662;d
2014;1;2013-12-29;2014-01-01;2014-01-04;F;689;d
2014;2;2014-01-05;2014-01-08;2014-01-11;Total;1371;d
2014;2;2014-01-05;2014-01-08;2014-01-11;H;678;d
2014;2;2014-01-05;2014-01-08;2014-01-11;F;693;d
2014;3;2014-01-12;2014-01-15;2014-01-18;Total;1343;d
2014;3;2014-01-12;2014-01-15;2014-01-18;H;670;d
2014;3;2014-01-12;2014-01-15;2014-01-18;F;673;d
2014;4;2014-01-19;2014-01-22;2014-01-25;Total;1295;d
2014;4;2014-01-19;2014-01-22;2014-01-25;H;619;d
2014;4;2014-01-19;2014-01-22;2014-01-25;F;676;d
2014;5;2014-01-26;2014-01-29;2014-02-01;Total;1304;d
2014;5;2014-01-26;2014-01-29;2014-02-01;H;641;d
2014;5;2014-01-26;2014-01-29;2014-02-01;F;663;d
2014;6;2014-02-02;2014-02-05;2014-02-08;Total;1278;d
2014;6;2014-02-02;2014-02-05;2014-02-08;H;607;d
2014;6;2014-02-02;2014-02-05;2014-02-08;F;671;d
2014;7;2014-02-09;2014-02-12;2014-02-15;Total;1276;d
2014;7;2014-02-09;2014-02-12;2014-02-15;H;632;d
2014;7;2014-02-09;2014-02-12;2014-02-15;F;644;d
2014;8;2014-02-16;2014-02-19;2014-02-22;Total;1328;d
2014;8;2014-02-16;2014-02-19;2014-02-22;H;631;d
2014;8;2014-02-16;2014-02-19;2014-02-22;F;697;d
2014;9;2014-02-23;2014-02-26;2014-03-01;Total;1266;d
2014;9;2014-02-23;2014-02-26;2014-03-01;H;622;d
2014;9;2014-02-23;2014-02-26;2014-03-01;F;644;d
2014;10;2014-03-02;2014-03-05;2014-03-08;Total;1274;d
2014;10;2014-03-02;2014-03-05;2014-03-08;H;626;d
2014;10;2014-03-02;2014-03-05;2014-03-08;F;648;d
2014;11;2014-03-09;2014-03-12;2014-03-15;Total;1232;d
2014;11;2014-03-09;2014-03-12;2014-03-15;H;595;d
2014;11;2014-03-09;2014-03-12;2014-03-15;F;637;d
2014;12;2014-03-16;2014-03-19;2014-03-22;Total;1281;d
2014;12;2014-03-16;2014-03-19;2014-03-22;H;600;d
2014;12;2014-03-16;2014-03-19;2014-03-22;F;681;d
2014;13;2014-03-23;2014-03-26;2014-03-29;Total;1287;d
2014;13;2014-03-23;2014-03-26;2014-03-29;H;637;d
2014;13;2014-03-23;2014-03-26;2014-03-29;F;650;d
2014;14;2014-03-30;2014-04-02;2014-04-05;Total;1259;d
2014;14;2014-03-30;2014-04-02;2014-04-05;H;618;d
2014;14;2014-03-30;2014-04-02;2014-04-05;F;641;d
2014;15;2014-04-06;2014-04-09;2014-04-12;Total;1224;d
2014;15;2014-04-06;2014-04-09;2014-04-12;H;594;d
2014;15;2014-04-06;2014-04-09;2014-04-12;F;630;d
2014;16;2014-04-13;2014-04-16;2014-04-19;Total;1170;d
2014;16;2014-04-13;2014-04-16;2014-04-19;H;556;d
2014;16;2014-04-13;2014-04-16;2014-04-19;F;614;d
2014;17;2014-04-20;2014-04-23;2014-04-26;Total;1176;d
2014;17;2014-04-20;2014-04-23;2014-04-26;H;569;d
2014;17;2014-04-20;2014-04-23;2014-04-26;F;607;d
2014;18;2014-04-27;2014-04-30;2014-05-03;Total;1237;d
2014;18;2014-04-27;2014-04-30;2014-05-03;H;599;d
2014;18;2014-04-27;2014-04-30;2014-05-03;F;638;d
2014;19;2014-05-04;2014-05-07;2014-05-10;Total;1205;d
2014;19;2014-05-04;2014-05-07;2014-05-10;H;616;d
2014;19;2014-05-04;2014-05-07;2014-05-10;F;589;d
2014;20;2014-05-11;2014-05-14;2014-05-17;Total;1148;d
2014;20;2014-05-11;2014-05-14;2014-05-17;H;552;d
2014;20;2014-05-11;2014-05-14;2014-05-17;F;596;d
2014;21;2014-05-18;2014-05-21;2014-05-24;Total;1088;d
2014;21;2014-05-18;2014-05-21;2014-05-24;H;542;d
2014;21;2014-05-18;2014-05-21;2014-05-24;F;546;d
2014;22;2014-05-25;2014-05-28;2014-05-31;Total;1116;d
2014;22;2014-05-25;2014-05-28;2014-05-31;H;571;d
2014;22;2014-05-25;2014-05-28;2014-05-31;F;545;d
2014;23;2014-06-01;2014-06-04;2014-06-07;Total;1108;d
2014;23;2014-06-01;2014-06-04;2014-06-07;H;570;d
2014;23;2014-06-01;2014-06-04;2014-06-07;F;538;d
2014;24;2014-06-08;2014-06-11;2014-06-14;Total;1123;d
2014;24;2014-06-08;2014-06-11;2014-06-14;H;550;d
2014;24;2014-06-08;2014-06-11;2014-06-14;F;573;d
2014;25;2014-06-15;2014-06-18;2014-06-21;Total;1072;d
2014;25;2014-06-15;2014-06-18;2014-06-21;H;537;d
2014;25;2014-06-15;2014-06-18;2014-06-21;F;535;d
2014;26;2014-06-22;2014-06-25;2014-06-28;Total;1161;d
2014;26;2014-06-22;2014-06-25;2014-06-28;H;572;d
2014;26;2014-06-22;2014-06-25;2014-06-28;F;589;d
2014;27;2014-06-29;2014-07-02;2014-07-05;Total;1198;d
2014;27;2014-06-29;2014-07-02;2014-07-05;H;573;d
2014;27;2014-06-29;2014-07-02;2014-07-05;F;625;d
2014;28;2014-07-06;2014-07-09;2014-07-12;Total;1122;d
2014;28;2014-07-06;2014-07-09;2014-07-12;H;577;d
2014;28;2014-07-06;2014-07-09;2014-07-12;F;545;d
2014;29;2014-07-13;2014-07-16;2014-07-19;Total;1064;d
2014;29;2014-07-13;2014-07-16;2014-07-19;H;537;d
2014;29;2014-07-13;2014-07-16;2014-07-19;F;527;d
2014;30;2014-07-20;2014-07-23;2014-07-26;Total;1158;d
2014;30;2014-07-20;2014-07-23;2014-07-26;H;560;d
2014;30;2014-07-20;2014-07-23;2014-07-26;F;598;d
2014;31;2014-07-27;2014-07-30;2014-08-02;Total;1067;d
2014;31;2014-07-27;2014-07-30;2014-08-02;H;540;d
2014;31;2014-07-27;2014-07-30;2014-08-02;F;527;d
2014;32;2014-08-03;2014-08-06;2014-08-09;Total;1105;d
2014;32;2014-08-03;2014-08-06;2014-08-09;H;545;d
2014;32;2014-08-03;2014-08-06;2014-08-09;F;560;d
2014;33;2014-08-10;2014-08-13;2014-08-16;Total;1057;d
2014;33;2014-08-10;2014-08-13;2014-08-16;H;501;d
2014;33;2014-08-10;2014-08-13;2014-08-16;F;556;d
2014;34;2014-08-17;2014-08-20;2014-08-23;Total;1077;d
2014;34;2014-08-17;2014-08-20;2014-08-23;H;544;d
2014;34;2014-08-17;2014-08-20;2014-08-23;F;533;d
2014;35;2014-08-24;2014-08-27;2014-08-30;Total;1083;d
2014;35;2014-08-24;2014-08-27;2014-08-30;H;551;d
2014;35;2014-08-24;2014-08-27;2014-08-30;F;532;d
2014;36;2014-08-31;2014-09-03;2014-09-06;Total;1097;d
2014;36;2014-08-31;2014-09-03;2014-09-06;H;536;d
2014;36;2014-08-31;2014-09-03;2014-09-06;F;561;d
2014;37;2014-09-07;2014-09-10;2014-09-13;Total;1002;d
2014;37;2014-09-07;2014-09-10;2014-09-13;H;490;d
2014;37;2014-09-07;2014-09-10;2014-09-13;F;512;d
2014;38;2014-09-14;2014-09-17;2014-09-20;Total;1138;d
2014;38;2014-09-14;2014-09-17;2014-09-20;H;566;d
2014;38;2014-09-14;2014-09-17;2014-09-20;F;572;d
2014;39;2014-09-21;2014-09-24;2014-09-27;Total;1181;d
2014;39;2014-09-21;2014-09-24;2014-09-27;H;606;d
2014;39;2014-09-21;2014-09-24;2014-09-27;F;575;d
2014;40;2014-09-28;2014-10-01;2014-10-04;Total;1194;d
2014;40;2014-09-28;2014-10-01;2014-10-04;H;579;d
2014;40;2014-09-28;2014-10-01;2014-10-04;F;615;d
2014;41;2014-10-05;2014-10-08;2014-10-11;Total;1161;d
2014;41;2014-10-05;2014-10-08;2014-10-11;H;592;d
2014;41;2014-10-05;2014-10-08;2014-10-11;F;569;d
2014;42;2014-10-12;2014-10-15;2014-10-18;Total;1233;d
2014;42;2014-10-12;2014-10-15;2014-10-18;H;617;d
2014;42;2014-10-12;2014-10-15;2014-10-18;F;616;d
2014;43;2014-10-19;2014-10-22;2014-10-25;Total;1184;d
2014;43;2014-10-19;2014-10-22;2014-10-25;H;618;d
2014;43;2014-10-19;2014-10-22;2014-10-25;F;566;d
2014;44;2014-10-26;2014-10-29;2014-11-01;Total;1178;d
2014;44;2014-10-26;2014-10-29;2014-11-01;H;623;d
2014;44;2014-10-26;2014-10-29;2014-11-01;F;555;d
2014;45;2014-11-02;2014-11-05;2014-11-08;Total;1233;d
2014;45;2014-11-02;2014-11-05;2014-11-08;H;637;d
2014;45;2014-11-02;2014-11-05;2014-11-08;F;596;d
2014;46;2014-11-09;2014-11-12;2014-11-15;Total;1175;d
2014;46;2014-11-09;2014-11-12;2014-11-15;H;570;d
2014;46;2014-11-09;2014-11-12;2014-11-15;F;605;d
2014;47;2014-11-16;2014-11-19;2014-11-22;Total;1241;d
2014;47;2014-11-16;2014-11-19;2014-11-22;H;611;d
2014;47;2014-11-16;2014-11-19;2014-11-22;F;630;d
2014;48;2014-11-23;2014-11-26;2014-11-29;Total;1276;d
2014;48;2014-11-23;2014-11-26;2014-11-29;H;635;d
2014;48;2014-11-23;2014-11-26;2014-11-29;F;641;d
2014;49;2014-11-30;2014-12-03;2014-12-06;Total;1307;d
2014;49;2014-11-30;2014-12-03;2014-12-06;H;656;d
2014;49;2014-11-30;2014-12-03;2014-12-06;F;651;d
2014;50;2014-12-07;2014-12-10;2014-12-13;Total;1324;d
2014;50;2014-12-07;2014-12-10;2014-12-13;H;660;d
2014;50;2014-12-07;2014-12-10;2014-12-13;F;664;d
2014;51;2014-12-14;2014-12-17;2014-12-20;Total;1449;d
2014;51;2014-12-14;2014-12-17;2014-12-20;H;678;d
2014;51;2014-12-14;2014-12-17;2014-12-20;F;771;d
2014;52;2014-12-21;2014-12-24;2014-12-27;Total;1556;d
2014;52;2014-12-21;2014-12-24;2014-12-27;H;743;d
2014;52;2014-12-21;2014-12-24;2014-12-27;F;813;d
2014;53;2014-12-28;2014-12-31;2015-01-03;Total;1746;d
2014;53;2014-12-28;2014-12-31;2015-01-03;H;810;d
2014;53;2014-12-28;2014-12-31;2015-01-03;F;936;d
2015;1;2015-01-04;2015-01-07;2015-01-10;Total;1655;d
2015;1;2015-01-04;2015-01-07;2015-01-10;H;825;d
2015;1;2015-01-04;2015-01-07;2015-01-10;F;830;d
2015;2;2015-01-11;2015-01-14;2015-01-17;Total;1566;d
2015;2;2015-01-11;2015-01-14;2015-01-17;H;727;d
2015;2;2015-01-11;2015-01-14;2015-01-17;F;839;d
2015;3;2015-01-18;2015-01-21;2015-01-24;Total;1551;d
2015;3;2015-01-18;2015-01-21;2015-01-24;H;752;d
2015;3;2015-01-18;2015-01-21;2015-01-24;F;799;d
2015;4;2015-01-25;2015-01-28;2015-01-31;Total;1393;d
2015;4;2015-01-25;2015-01-28;2015-01-31;H;649;d
2015;4;2015-01-25;2015-01-28;2015-01-31;F;744;d
2015;5;2015-02-01;2015-02-04;2015-02-07;Total;1425;d
2015;5;2015-02-01;2015-02-04;2015-02-07;H;721;d
2015;5;2015-02-01;2015-02-04;2015-02-07;F;704;d
2015;6;2015-02-08;2015-02-11;2015-02-14;Total;1423;d
2015;6;2015-02-08;2015-02-11;2015-02-14;H;692;d
2015;6;2015-02-08;2015-02-11;2015-02-14;F;731;d
2015;7;2015-02-15;2015-02-18;2015-02-21;Total;1383;d
2015;7;2015-02-15;2015-02-18;2015-02-21;H;666;d
2015;7;2015-02-15;2015-02-18;2015-02-21;F;717;d
2015;8;2015-02-22;2015-02-25;2015-02-28;Total;1380;d
2015;8;2015-02-22;2015-02-25;2015-02-28;H;658;d
2015;8;2015-02-22;2015-02-25;2015-02-28;F;722;d
2015;9;2015-03-01;2015-03-04;2015-03-07;Total;1420;d
2015;9;2015-03-01;2015-03-04;2015-03-07;H;703;d
2015;9;2015-03-01;2015-03-04;2015-03-07;F;717;d
2015;10;2015-03-08;2015-03-11;2015-03-14;Total;1373;d
2015;10;2015-03-08;2015-03-11;2015-03-14;H;643;d
2015;10;2015-03-08;2015-03-11;2015-03-14;F;730;d
2015;11;2015-03-15;2015-03-18;2015-03-21;Total;1378;d
2015;11;2015-03-15;2015-03-18;2015-03-21;H;644;d
2015;11;2015-03-15;2015-03-18;2015-03-21;F;734;d
2015;12;2015-03-22;2015-03-25;2015-03-28;Total;1327;d
2015;12;2015-03-22;2015-03-25;2015-03-28;H;654;d
2015;12;2015-03-22;2015-03-25;2015-03-28;F;673;d
2015;13;2015-03-29;2015-04-01;2015-04-04;Total;1363;d
2015;13;2015-03-29;2015-04-01;2015-04-04;H;677;d
2015;13;2015-03-29;2015-04-01;2015-04-04;F;686;d
2015;14;2015-04-05;2015-04-08;2015-04-11;Total;1199;d
2015;14;2015-04-05;2015-04-08;2015-04-11;H;605;d
2015;14;2015-04-05;2015-04-08;2015-04-11;F;594;d
2015;15;2015-04-12;2015-04-15;2015-04-18;Total;1353;d
2015;15;2015-04-12;2015-04-15;2015-04-18;H;658;d
2015;15;2015-04-12;2015-04-15;2015-04-18;F;695;d
2015;16;2015-04-19;2015-04-22;2015-04-25;Total;1278;d
2015;16;2015-04-19;2015-04-22;2015-04-25;H;621;d
2015;16;2015-04-19;2015-04-22;2015-04-25;F;657;d
2015;17;2015-04-26;2015-04-29;2015-05-02;Total;1197;d
2015;17;2015-04-26;2015-04-29;2015-05-02;H;566;d
2015;17;2015-04-26;2015-04-29;2015-05-02;F;631;d
2015;18;2015-05-03;2015-05-06;2015-05-09;Total;1213;d
2015;18;2015-05-03;2015-05-06;2015-05-09;H;605;d
2015;18;2015-05-03;2015-05-06;2015-05-09;F;608;d
2015;19;2015-05-10;2015-05-13;2015-05-16;Total;1167;d
2015;19;2015-05-10;2015-05-13;2015-05-16;H;577;d
2015;19;2015-05-10;2015-05-13;2015-05-16;F;590;d
2015;20;2015-05-17;2015-05-20;2015-05-23;Total;1160;d
2015;20;2015-05-17;2015-05-20;2015-05-23;H;574;d
2015;20;2015-05-17;2015-05-20;2015-05-23;F;586;d
2015;21;2015-05-24;2015-05-27;2015-05-30;Total;1139;d
2015;21;2015-05-24;2015-05-27;2015-05-30;H;557;d
2015;21;2015-05-24;2015-05-27;2015-05-30;F;582;d
2015;22;2015-05-31;2015-06-03;2015-06-06;Total;1076;d
2015;22;2015-05-31;2015-06-03;2015-06-06;H;544;d
2015;22;2015-05-31;2015-06-03;2015-06-06;F;532;d
2015;23;2015-06-07;2015-06-10;2015-06-13;Total;1118;d
2015;23;2015-06-07;2015-06-10;2015-06-13;H;576;d
2015;23;2015-06-07;2015-06-10;2015-06-13;F;542;d
2015;24;2015-06-14;2015-06-17;2015-06-20;Total;1101;d
2015;24;2015-06-14;2015-06-17;2015-06-20;H;575;d
2015;24;2015-06-14;2015-06-17;2015-06-20;F;526;d
2015;25;2015-06-21;2015-06-24;2015-06-27;Total;1043;d
2015;25;2015-06-21;2015-06-24;2015-06-27;H;525;d
2015;25;2015-06-21;2015-06-24;2015-06-27;F;518;d
2015;26;2015-06-28;2015-07-01;2015-07-04;Total;1047;d
2015;26;2015-06-28;2015-07-01;2015-07-04;H;495;d
2015;26;2015-06-28;2015-07-01;2015-07-04;F;552;d
2015;27;2015-07-05;2015-07-08;2015-07-11;Total;1117;d
2015;27;2015-07-05;2015-07-08;2015-07-11;H;557;d
2015;27;2015-07-05;2015-07-08;2015-07-11;F;560;d
2015;28;2015-07-12;2015-07-15;2015-07-18;Total;1040;d
2015;28;2015-07-12;2015-07-15;2015-07-18;H;521;d
2015;28;2015-07-12;2015-07-15;2015-07-18;F;519;d
2015;29;2015-07-19;2015-07-22;2015-07-25;Total;1073;d
2015;29;2015-07-19;2015-07-22;2015-07-25;H;572;d
2015;29;2015-07-19;2015-07-22;2015-07-25;F;501;d
2015;30;2015-07-26;2015-07-29;2015-08-01;Total;1117;d
2015;30;2015-07-26;2015-07-29;2015-08-01;H;582;d
2015;30;2015-07-26;2015-07-29;2015-08-01;F;535;d
2015;31;2015-08-02;2015-08-05;2015-08-08;Total;1005;d
2015;31;2015-08-02;2015-08-05;2015-08-08;H;499;d
2015;31;2015-08-02;2015-08-05;2015-08-08;F;506;d
2015;32;2015-08-09;2015-08-12;2015-08-15;Total;1041;d
2015;32;2015-08-09;2015-08-12;2015-08-15;H;517;d
2015;32;2015-08-09;2015-08-12;2015-08-15;F;524;d
2015;33;2015-08-16;2015-08-19;2015-08-22;Total;1101;d
2015;33;2015-08-16;2015-08-19;2015-08-22;H;575;d
2015;33;2015-08-16;2015-08-19;2015-08-22;F;526;d
2015;34;2015-08-23;2015-08-26;2015-08-29;Total;1080;d
2015;34;2015-08-23;2015-08-26;2015-08-29;H;553;d
2015;34;2015-08-23;2015-08-26;2015-08-29;F;527;d
2015;35;2015-08-30;2015-09-02;2015-09-05;Total;1071;d
2015;35;2015-08-30;2015-09-02;2015-09-05;H;541;d
2015;35;2015-08-30;2015-09-02;2015-09-05;F;530;d
2015;36;2015-09-06;2015-09-09;2015-09-12;Total;1081;d
2015;36;2015-09-06;2015-09-09;2015-09-12;H;573;d
2015;36;2015-09-06;2015-09-09;2015-09-12;F;508;d
2015;37;2015-09-13;2015-09-16;2015-09-19;Total;1155;d
2015;37;2015-09-13;2015-09-16;2015-09-19;H;608;d
2015;37;2015-09-13;2015-09-16;2015-09-19;F;547;d
2015;38;2015-09-20;2015-09-23;2015-09-26;Total;1099;d
2015;38;2015-09-20;2015-09-23;2015-09-26;H;557;d
2015;38;2015-09-20;2015-09-23;2015-09-26;F;542;d
2015;39;2015-09-27;2015-09-30;2015-10-03;Total;1166;d
2015;39;2015-09-27;2015-09-30;2015-10-03;H;580;d
2015;39;2015-09-27;2015-09-30;2015-10-03;F;586;d
2015;40;2015-10-04;2015-10-07;2015-10-10;Total;1192;d
2015;40;2015-10-04;2015-10-07;2015-10-10;H;591;d
2015;40;2015-10-04;2015-10-07;2015-10-10;F;601;d
2015;41;2015-10-11;2015-10-14;2015-10-17;Total;1249;d
2015;41;2015-10-11;2015-10-14;2015-10-17;H;630;d
2015;41;2015-10-11;2015-10-14;2015-10-17;F;619;d
2015;42;2015-10-18;2015-10-21;2015-10-24;Total;1204;d
2015;42;2015-10-18;2015-10-21;2015-10-24;H;595;d
2015;42;2015-10-18;2015-10-21;2015-10-24;F;609;d
2015;43;2015-10-25;2015-10-28;2015-10-31;Total;1201;d
2015;43;2015-10-25;2015-10-28;2015-10-31;H;587;d
2015;43;2015-10-25;2015-10-28;2015-10-31;F;614;d
2015;44;2015-11-01;2015-11-04;2015-11-07;Total;1196;d
2015;44;2015-11-01;2015-11-04;2015-11-07;H;576;d
2015;44;2015-11-01;2015-11-04;2015-11-07;F;620;d
2015;45;2015-11-08;2015-11-11;2015-11-14;Total;1226;d
2015;45;2015-11-08;2015-11-11;2015-11-14;H;619;d
2015;45;2015-11-08;2015-11-11;2015-11-14;F;607;d
2015;46;2015-11-15;2015-11-18;2015-11-21;Total;1223;d
2015;46;2015-11-15;2015-11-18;2015-11-21;H;623;d
2015;46;2015-11-15;2015-11-18;2015-11-21;F;600;d
2015;47;2015-11-22;2015-11-25;2015-11-28;Total;1186;d
2015;47;2015-11-22;2015-11-25;2015-11-28;H;597;d
2015;47;2015-11-22;2015-11-25;2015-11-28;F;589;d
2015;48;2015-11-29;2015-12-02;2015-12-05;Total;1225;d
2015;48;2015-11-29;2015-12-02;2015-12-05;H;637;d
2015;48;2015-11-29;2015-12-02;2015-12-05;F;588;d
2015;49;2015-12-06;2015-12-09;2015-12-12;Total;1319;d
2015;49;2015-12-06;2015-12-09;2015-12-12;H;684;d
2015;49;2015-12-06;2015-12-09;2015-12-12;F;635;d
2015;50;2015-12-13;2015-12-16;2015-12-19;Total;1247;d
2015;50;2015-12-13;2015-12-16;2015-12-19;H;616;d
2015;50;2015-12-13;2015-12-16;2015-12-19;F;631;d
2015;51;2015-12-20;2015-12-23;2015-12-26;Total;1170;d
2015;51;2015-12-20;2015-12-23;2015-12-26;H;577;d
2015;51;2015-12-20;2015-12-23;2015-12-26;F;593;d
2015;52;2015-12-27;2015-12-30;2016-01-02;Total;1267;d
2015;52;2015-12-27;2015-12-30;2016-01-02;H;640;d
2015;52;2015-12-27;2015-12-30;2016-01-02;F;627;d
2016;1;2016-01-03;2016-01-06;2016-01-09;Total;1232;d
2016;1;2016-01-03;2016-01-06;2016-01-09;H;620;d
2016;1;2016-01-03;2016-01-06;2016-01-09;F;612;d
2016;2;2016-01-10;2016-01-13;2016-01-16;Total;1303;d
2016;2;2016-01-10;2016-01-13;2016-01-16;H;635;d
2016;2;2016-01-10;2016-01-13;2016-01-16;F;668;d
2016;3;2016-01-17;2016-01-20;2016-01-23;Total;1247;d
2016;3;2016-01-17;2016-01-20;2016-01-23;H;600;d
2016;3;2016-01-17;2016-01-20;2016-01-23;F;647;d
2016;4;2016-01-24;2016-01-27;2016-01-30;Total;1332;d
2016;4;2016-01-24;2016-01-27;2016-01-30;H;698;d
2016;4;2016-01-24;2016-01-27;2016-01-30;F;634;d
2016;5;2016-01-31;2016-02-03;2016-02-06;Total;1298;d
2016;5;2016-01-31;2016-02-03;2016-02-06;H;603;d
2016;5;2016-01-31;2016-02-03;2016-02-06;F;695;d
2016;6;2016-02-07;2016-02-10;2016-02-13;Total;1301;d
2016;6;2016-02-07;2016-02-10;2016-02-13;H;630;d
2016;6;2016-02-07;2016-02-10;2016-02-13;F;671;d
2016;7;2016-02-14;2016-02-17;2016-02-20;Total;1306;d
2016;7;2016-02-14;2016-02-17;2016-02-20;H;641;d
2016;7;2016-02-14;2016-02-17;2016-02-20;F;665;d
2016;8;2016-02-21;2016-02-24;2016-02-27;Total;1365;d
2016;8;2016-02-21;2016-02-24;2016-02-27;H;679;d
2016;8;2016-02-21;2016-02-24;2016-02-27;F;686;d
2016;9;2016-02-28;2016-03-02;2016-03-05;Total;1415;d
2016;9;2016-02-28;2016-03-02;2016-03-05;H;648;d
2016;9;2016-02-28;2016-03-02;2016-03-05;F;767;d
2016;10;2016-03-06;2016-03-09;2016-03-12;Total;1334;d
2016;10;2016-03-06;2016-03-09;2016-03-12;H;666;d
2016;10;2016-03-06;2016-03-09;2016-03-12;F;668;d
2016;11;2016-03-13;2016-03-16;2016-03-19;Total;1311;d
2016;11;2016-03-13;2016-03-16;2016-03-19;H;653;d
2016;11;2016-03-13;2016-03-16;2016-03-19;F;658;d
2016;12;2016-03-20;2016-03-23;2016-03-26;Total;1306;d
2016;12;2016-03-20;2016-03-23;2016-03-26;H;645;d
2016;12;2016-03-20;2016-03-23;2016-03-26;F;661;d
2016;13;2016-03-27;2016-03-30;2016-04-02;Total;1304;d
2016;13;2016-03-27;2016-03-30;2016-04-02;H;687;d
2016;13;2016-03-27;2016-03-30;2016-04-02;F;617;d
2016;14;2016-04-03;2016-04-06;2016-04-09;Total;1264;d
2016;14;2016-04-03;2016-04-06;2016-04-09;H;623;d
2016;14;2016-04-03;2016-04-06;2016-04-09;F;641;d
2016;15;2016-04-10;2016-04-13;2016-04-16;Total;1209;d
2016;15;2016-04-10;2016-04-13;2016-04-16;H;593;d
2016;15;2016-04-10;2016-04-13;2016-04-16;F;616;d
2016;16;2016-04-17;2016-04-20;2016-04-23;Total;1265;d
2016;16;2016-04-17;2016-04-20;2016-04-23;H;597;d
2016;16;2016-04-17;2016-04-20;2016-04-23;F;668;d
2016;17;2016-04-24;2016-04-27;2016-04-30;Total;1247;d
2016;17;2016-04-24;2016-04-27;2016-04-30;H;654;d
2016;17;2016-04-24;2016-04-27;2016-04-30;F;593;d
2016;18;2016-05-01;2016-05-04;2016-05-07;Total;1273;d
2016;18;2016-05-01;2016-05-04;2016-05-07;H;622;d
2016;18;2016-05-01;2016-05-04;2016-05-07;F;651;d
2016;19;2016-05-08;2016-05-11;2016-05-14;Total;1228;d
2016;19;2016-05-08;2016-05-11;2016-05-14;H;617;d
2016;19;2016-05-08;2016-05-11;2016-05-14;F;611;d
2016;20;2016-05-15;2016-05-18;2016-05-21;Total;1193;d
2016;20;2016-05-15;2016-05-18;2016-05-21;H;595;d
2016;20;2016-05-15;2016-05-18;2016-05-21;F;598;d
2016;21;2016-05-22;2016-05-25;2016-05-28;Total;1177;d
2016;21;2016-05-22;2016-05-25;2016-05-28;H;599;d
2016;21;2016-05-22;2016-05-25;2016-05-28;F;578;d
2016;22;2016-05-29;2016-06-01;2016-06-04;Total;1112;d
2016;22;2016-05-29;2016-06-01;2016-06-04;H;554;d
2016;22;2016-05-29;2016-06-01;2016-06-04;F;558;d
2016;23;2016-06-05;2016-06-08;2016-06-11;Total;1096;d
2016;23;2016-06-05;2016-06-08;2016-06-11;H;537;d
2016;23;2016-06-05;2016-06-08;2016-06-11;F;559;d
2016;24;2016-06-12;2016-06-15;2016-06-18;Total;1146;d
2016;24;2016-06-12;2016-06-15;2016-06-18;H;573;d
2016;24;2016-06-12;2016-06-15;2016-06-18;F;573;d
2016;25;2016-06-19;2016-06-22;2016-06-25;Total;1193;d
2016;25;2016-06-19;2016-06-22;2016-06-25;H;566;d
2016;25;2016-06-19;2016-06-22;2016-06-25;F;627;d
2016;26;2016-06-26;2016-06-29;2016-07-02;Total;1130;d
2016;26;2016-06-26;2016-06-29;2016-07-02;H;555;d
2016;26;2016-06-26;2016-06-29;2016-07-02;F;575;d
2016;27;2016-07-03;2016-07-06;2016-07-09;Total;1090;d
2016;27;2016-07-03;2016-07-06;2016-07-09;H;557;d
2016;27;2016-07-03;2016-07-06;2016-07-09;F;533;d
2016;28;2016-07-10;2016-07-13;2016-07-16;Total;1124;d
2016;28;2016-07-10;2016-07-13;2016-07-16;H;528;d
2016;28;2016-07-10;2016-07-13;2016-07-16;F;596;d
2016;29;2016-07-17;2016-07-20;2016-07-23;Total;1079;d
2016;29;2016-07-17;2016-07-20;2016-07-23;H;565;d
2016;29;2016-07-17;2016-07-20;2016-07-23;F;514;d
2016;30;2016-07-24;2016-07-27;2016-07-30;Total;1150;d
2016;30;2016-07-24;2016-07-27;2016-07-30;H;597;d
2016;30;2016-07-24;2016-07-27;2016-07-30;F;553;d
2016;31;2016-07-31;2016-08-03;2016-08-06;Total;1110;d
2016;31;2016-07-31;2016-08-03;2016-08-06;H;522;d
2016;31;2016-07-31;2016-08-03;2016-08-06;F;588;d
2016;32;2016-08-07;2016-08-10;2016-08-13;Total;1124;d
2016;32;2016-08-07;2016-08-10;2016-08-13;H;546;d
2016;32;2016-08-07;2016-08-10;2016-08-13;F;578;d
2016;33;2016-08-14;2016-08-17;2016-08-20;Total;1159;d
2016;33;2016-08-14;2016-08-17;2016-08-20;H;574;d
2016;33;2016-08-14;2016-08-17;2016-08-20;F;585;d
2016;34;2016-08-21;2016-08-24;2016-08-27;Total;1098;d
2016;34;2016-08-21;2016-08-24;2016-08-27;H;535;d
2016;34;2016-08-21;2016-08-24;2016-08-27;F;563;d
2016;35;2016-08-28;2016-08-31;2016-09-03;Total;1094;d
2016;35;2016-08-28;2016-08-31;2016-09-03;H;552;d
2016;35;2016-08-28;2016-08-31;2016-09-03;F;542;d
2016;36;2016-09-04;2016-09-07;2016-09-10;Total;1109;d
2016;36;2016-09-04;2016-09-07;2016-09-10;H;575;d
2016;36;2016-09-04;2016-09-07;2016-09-10;F;534;d
2016;37;2016-09-11;2016-09-14;2016-09-17;Total;1120;d
2016;37;2016-09-11;2016-09-14;2016-09-17;H;545;d
2016;37;2016-09-11;2016-09-14;2016-09-17;F;575;d
2016;38;2016-09-18;2016-09-21;2016-09-24;Total;1102;d
2016;38;2016-09-18;2016-09-21;2016-09-24;H;525;d
2016;38;2016-09-18;2016-09-21;2016-09-24;F;577;d
2016;39;2016-09-25;2016-09-28;2016-10-01;Total;1147;d
2016;39;2016-09-25;2016-09-28;2016-10-01;H;561;d
2016;39;2016-09-25;2016-09-28;2016-10-01;F;586;d
2016;40;2016-10-02;2016-10-05;2016-10-08;Total;1165;d
2016;40;2016-10-02;2016-10-05;2016-10-08;H;559;d
2016;40;2016-10-02;2016-10-05;2016-10-08;F;606;d
2016;41;2016-10-09;2016-10-12;2016-10-15;Total;1215;d
2016;41;2016-10-09;2016-10-12;2016-10-15;H;589;d
2016;41;2016-10-09;2016-10-12;2016-10-15;F;626;d
2016;42;2016-10-16;2016-10-19;2016-10-22;Total;1253;d
2016;42;2016-10-16;2016-10-19;2016-10-22;H;619;d
2016;42;2016-10-16;2016-10-19;2016-10-22;F;634;d
2016;43;2016-10-23;2016-10-26;2016-10-29;Total;1229;d
2016;43;2016-10-23;2016-10-26;2016-10-29;H;632;d
2016;43;2016-10-23;2016-10-26;2016-10-29;F;597;d
2016;44;2016-10-30;2016-11-02;2016-11-05;Total;1273;d
2016;44;2016-10-30;2016-11-02;2016-11-05;H;626;d
2016;44;2016-10-30;2016-11-02;2016-11-05;F;647;d
2016;45;2016-11-06;2016-11-09;2016-11-12;Total;1193;d
2016;45;2016-11-06;2016-11-09;2016-11-12;H;572;d
2016;45;2016-11-06;2016-11-09;2016-11-12;F;621;d
2016;46;2016-11-13;2016-11-16;2016-11-19;Total;1234;d
2016;46;2016-11-13;2016-11-16;2016-11-19;H;614;d
2016;46;2016-11-13;2016-11-16;2016-11-19;F;620;d
2016;47;2016-11-20;2016-11-23;2016-11-26;Total;1199;d
2016;47;2016-11-20;2016-11-23;2016-11-26;H;571;d
2016;47;2016-11-20;2016-11-23;2016-11-26;F;628;d
2016;48;2016-11-27;2016-11-30;2016-12-03;Total;1229;d
2016;48;2016-11-27;2016-11-30;2016-12-03;H;611;d
2016;48;2016-11-27;2016-11-30;2016-12-03;F;618;d
2016;49;2016-12-04;2016-12-07;2016-12-10;Total;1153;d
2016;49;2016-12-04;2016-12-07;2016-12-10;H;555;d
2016;49;2016-12-04;2016-12-07;2016-12-10;F;598;d
2016;50;2016-12-11;2016-12-14;2016-12-17;Total;1280;d
2016;50;2016-12-11;2016-12-14;2016-12-17;H;633;d
2016;50;2016-12-11;2016-12-14;2016-12-17;F;647;d
2016;51;2016-12-18;2016-12-21;2016-12-24;Total;1300;d
2016;51;2016-12-18;2016-12-21;2016-12-24;H;658;d
2016;51;2016-12-18;2016-12-21;2016-12-24;F;642;d
2016;52;2016-12-25;2016-12-28;2016-12-31;Total;1419;d
2016;52;2016-12-25;2016-12-28;2016-12-31;H;689;d
2016;52;2016-12-25;2016-12-28;2016-12-31;F;730;d
2017;1;2017-01-01;2017-01-04;2017-01-07;Total;1511;d
2017;1;2017-01-01;2017-01-04;2017-01-07;H;718;d
2017;1;2017-01-01;2017-01-04;2017-01-07;F;793;d
2017;2;2017-01-08;2017-01-11;2017-01-14;Total;1434;d
2017;2;2017-01-08;2017-01-11;2017-01-14;H;703;d
2017;2;2017-01-08;2017-01-11;2017-01-14;F;731;d
2017;3;2017-01-15;2017-01-18;2017-01-21;Total;1493;d
2017;3;2017-01-15;2017-01-18;2017-01-21;H;749;d
2017;3;2017-01-15;2017-01-18;2017-01-21;F;744;d
2017;4;2017-01-22;2017-01-25;2017-01-28;Total;1464;d
2017;4;2017-01-22;2017-01-25;2017-01-28;H;741;d
2017;4;2017-01-22;2017-01-25;2017-01-28;F;723;d
2017;5;2017-01-29;2017-02-01;2017-02-04;Total;1381;d
2017;5;2017-01-29;2017-02-01;2017-02-04;H;660;d
2017;5;2017-01-29;2017-02-01;2017-02-04;F;721;d
2017;6;2017-02-05;2017-02-08;2017-02-11;Total;1448;d
2017;6;2017-02-05;2017-02-08;2017-02-11;H;656;d
2017;6;2017-02-05;2017-02-08;2017-02-11;F;792;d
2017;7;2017-02-12;2017-02-15;2017-02-18;Total;1397;d
2017;7;2017-02-12;2017-02-15;2017-02-18;H;647;d
2017;7;2017-02-12;2017-02-15;2017-02-18;F;750;d
2017;8;2017-02-19;2017-02-22;2017-02-25;Total;1427;d
2017;8;2017-02-19;2017-02-22;2017-02-25;H;666;d
2017;8;2017-02-19;2017-02-22;2017-02-25;F;761;d
2017;9;2017-02-26;2017-03-01;2017-03-04;Total;1329;d
2017;9;2017-02-26;2017-03-01;2017-03-04;H;626;d
2017;9;2017-02-26;2017-03-01;2017-03-04;F;703;d
2017;10;2017-03-05;2017-03-08;2017-03-11;Total;1382;d
2017;10;2017-03-05;2017-03-08;2017-03-11;H;655;d
2017;10;2017-03-05;2017-03-08;2017-03-11;F;727;d
2017;11;2017-03-12;2017-03-15;2017-03-18;Total;1356;d
2017;11;2017-03-12;2017-03-15;2017-03-18;H;690;d
2017;11;2017-03-12;2017-03-15;2017-03-18;F;666;d
2017;12;2017-03-19;2017-03-22;2017-03-25;Total;1377;d
2017;12;2017-03-19;2017-03-22;2017-03-25;H;654;d
2017;12;2017-03-19;2017-03-22;2017-03-25;F;723;d
2017;13;2017-03-26;2017-03-29;2017-04-01;Total;1363;d
2017;13;2017-03-26;2017-03-29;2017-04-01;H;653;d
2017;13;2017-03-26;2017-03-29;2017-04-01;F;710;d
2017;14;2017-04-02;2017-04-05;2017-04-08;Total;1337;d
2017;14;2017-04-02;2017-04-05;2017-04-08;H;617;d
2017;14;2017-04-02;2017-04-05;2017-04-08;F;720;d
2017;15;2017-04-09;2017-04-12;2017-04-15;Total;1339;d
2017;15;2017-04-09;2017-04-12;2017-04-15;H;615;d
2017;15;2017-04-09;2017-04-12;2017-04-15;F;724;d
2017;16;2017-04-16;2017-04-19;2017-04-22;Total;1258;d
2017;16;2017-04-16;2017-04-19;2017-04-22;H;651;d
2017;16;2017-04-16;2017-04-19;2017-04-22;F;607;d
2017;17;2017-04-23;2017-04-26;2017-04-29;Total;1240;d
2017;17;2017-04-23;2017-04-26;2017-04-29;H;625;d
2017;17;2017-04-23;2017-04-26;2017-04-29;F;615;d
2017;18;2017-04-30;2017-05-03;2017-05-06;Total;1243;d
2017;18;2017-04-30;2017-05-03;2017-05-06;H;618;d
2017;18;2017-04-30;2017-05-03;2017-05-06;F;625;d
2017;19;2017-05-07;2017-05-10;2017-05-13;Total;1293;d
2017;19;2017-05-07;2017-05-10;2017-05-13;H;675;d
2017;19;2017-05-07;2017-05-10;2017-05-13;F;618;d
2017;20;2017-05-14;2017-05-17;2017-05-20;Total;1249;d
2017;20;2017-05-14;2017-05-17;2017-05-20;H;630;d
2017;20;2017-05-14;2017-05-17;2017-05-20;F;619;d
2017;21;2017-05-21;2017-05-24;2017-05-27;Total;1129;d
2017;21;2017-05-21;2017-05-24;2017-05-27;H;568;d
2017;21;2017-05-21;2017-05-24;2017-05-27;F;561;d
2017;22;2017-05-28;2017-05-31;2017-06-03;Total;1164;d
2017;22;2017-05-28;2017-05-31;2017-06-03;H;572;d
2017;22;2017-05-28;2017-05-31;2017-06-03;F;592;d
2017;23;2017-06-04;2017-06-07;2017-06-10;Total;1177;d
2017;23;2017-06-04;2017-06-07;2017-06-10;H;586;d
2017;23;2017-06-04;2017-06-07;2017-06-10;F;591;d
2017;24;2017-06-11;2017-06-14;2017-06-17;Total;1146;d
2017;24;2017-06-11;2017-06-14;2017-06-17;H;573;d
2017;24;2017-06-11;2017-06-14;2017-06-17;F;573;d
2017;25;2017-06-18;2017-06-21;2017-06-24;Total;1171;d
2017;25;2017-06-18;2017-06-21;2017-06-24;H;567;d
2017;25;2017-06-18;2017-06-21;2017-06-24;F;604;d
2017;26;2017-06-25;2017-06-28;2017-07-01;Total;1155;d
2017;26;2017-06-25;2017-06-28;2017-07-01;H;583;d
2017;26;2017-06-25;2017-06-28;2017-07-01;F;572;d
2017;27;2017-07-02;2017-07-05;2017-07-08;Total;1136;d
2017;27;2017-07-02;2017-07-05;2017-07-08;H;562;d
2017;27;2017-07-02;2017-07-05;2017-07-08;F;574;d
2017;28;2017-07-09;2017-07-12;2017-07-15;Total;1155;d
2017;28;2017-07-09;2017-07-12;2017-07-15;H;577;d
2017;28;2017-07-09;2017-07-12;2017-07-15;F;578;d
2017;29;2017-07-16;2017-07-19;2017-07-22;Total;1083;d
2017;29;2017-07-16;2017-07-19;2017-07-22;H;528;d
2017;29;2017-07-16;2017-07-19;2017-07-22;F;555;d
2017;30;2017-07-23;2017-07-26;2017-07-29;Total;1135;d
2017;30;2017-07-23;2017-07-26;2017-07-29;H;578;d
2017;30;2017-07-23;2017-07-26;2017-07-29;F;557;d
2017;31;2017-07-30;2017-08-02;2017-08-05;Total;1129;d
2017;31;2017-07-30;2017-08-02;2017-08-05;H;593;d
2017;31;2017-07-30;2017-08-02;2017-08-05;F;536;d
2017;32;2017-08-06;2017-08-09;2017-08-12;Total;1116;d
2017;32;2017-08-06;2017-08-09;2017-08-12;H;545;d
2017;32;2017-08-06;2017-08-09;2017-08-12;F;571;d
2017;33;2017-08-13;2017-08-16;2017-08-19;Total;1111;d
2017;33;2017-08-13;2017-08-16;2017-08-19;H;544;d
2017;33;2017-08-13;2017-08-16;2017-08-19;F;567;d
2017;34;2017-08-20;2017-08-23;2017-08-26;Total;1113;d
2017;34;2017-08-20;2017-08-23;2017-08-26;H;531;d
2017;34;2017-08-20;2017-08-23;2017-08-26;F;582;d
2017;35;2017-08-27;2017-08-30;2017-09-02;Total;1117;d
2017;35;2017-08-27;2017-08-30;2017-09-02;H;512;d
2017;35;2017-08-27;2017-08-30;2017-09-02;F;605;d
2017;36;2017-09-03;2017-09-06;2017-09-09;Total;1182;d
2017;36;2017-09-03;2017-09-06;2017-09-09;H;602;d
2017;36;2017-09-03;2017-09-06;2017-09-09;F;580;d
2017;37;2017-09-10;2017-09-13;2017-09-16;Total;1151;d
2017;37;2017-09-10;2017-09-13;2017-09-16;H;582;d
2017;37;2017-09-10;2017-09-13;2017-09-16;F;569;d
2017;38;2017-09-17;2017-09-20;2017-09-23;Total;1135;d
2017;38;2017-09-17;2017-09-20;2017-09-23;H;577;d
2017;38;2017-09-17;2017-09-20;2017-09-23;F;558;d
2017;39;2017-09-24;2017-09-27;2017-09-30;Total;1230;d
2017;39;2017-09-24;2017-09-27;2017-09-30;H;588;d
2017;39;2017-09-24;2017-09-27;2017-09-30;F;642;d
2017;40;2017-10-01;2017-10-04;2017-10-07;Total;1176;d
2017;40;2017-10-01;2017-10-04;2017-10-07;H;619;d
2017;40;2017-10-01;2017-10-04;2017-10-07;F;557;d
2017;41;2017-10-08;2017-10-11;2017-10-14;Total;1231;d
2017;41;2017-10-08;2017-10-11;2017-10-14;H;631;d
2017;41;2017-10-08;2017-10-11;2017-10-14;F;600;d
2017;42;2017-10-15;2017-10-18;2017-10-21;Total;1181;d
2017;42;2017-10-15;2017-10-18;2017-10-21;H;577;d
2017;42;2017-10-15;2017-10-18;2017-10-21;F;604;d
2017;43;2017-10-22;2017-10-25;2017-10-28;Total;1214;d
2017;43;2017-10-22;2017-10-25;2017-10-28;H;631;d
2017;43;2017-10-22;2017-10-25;2017-10-28;F;583;d
2017;44;2017-10-29;2017-11-01;2017-11-04;Total;1258;d
2017;44;2017-10-29;2017-11-01;2017-11-04;H;614;d
2017;44;2017-10-29;2017-11-01;2017-11-04;F;644;d
2017;45;2017-11-05;2017-11-08;2017-11-11;Total;1274;d
2017;45;2017-11-05;2017-11-08;2017-11-11;H;637;d
2017;45;2017-11-05;2017-11-08;2017-11-11;F;637;d
2017;46;2017-11-12;2017-11-15;2017-11-18;Total;1298;d
2017;46;2017-11-12;2017-11-15;2017-11-18;H;621;d
2017;46;2017-11-12;2017-11-15;2017-11-18;F;677;d
2017;47;2017-11-19;2017-11-22;2017-11-25;Total;1276;d
2017;47;2017-11-19;2017-11-22;2017-11-25;H;617;d
2017;47;2017-11-19;2017-11-22;2017-11-25;F;659;d
2017;48;2017-11-26;2017-11-29;2017-12-02;Total;1328;d
2017;48;2017-11-26;2017-11-29;2017-12-02;H;628;d
2017;48;2017-11-26;2017-11-29;2017-12-02;F;700;d
2017;49;2017-12-03;2017-12-06;2017-12-09;Total;1283;d
2017;49;2017-12-03;2017-12-06;2017-12-09;H;654;d
2017;49;2017-12-03;2017-12-06;2017-12-09;F;629;d
2017;50;2017-12-10;2017-12-13;2017-12-16;Total;1337;d
2017;50;2017-12-10;2017-12-13;2017-12-16;H;682;d
2017;50;2017-12-10;2017-12-13;2017-12-16;F;655;d
2017;51;2017-12-17;2017-12-20;2017-12-23;Total;1475;d
2017;51;2017-12-17;2017-12-20;2017-12-23;H;747;d
2017;51;2017-12-17;2017-12-20;2017-12-23;F;728;d
2017;52;2017-12-24;2017-12-27;2017-12-30;Total;1480;d
2017;52;2017-12-24;2017-12-27;2017-12-30;H;757;d
2017;52;2017-12-24;2017-12-27;2017-12-30;F;723;d
2018;1;2017-12-31;2018-01-03;2018-01-06;Total;1606;d
2018;1;2017-12-31;2018-01-03;2018-01-06;H;796;d
2018;1;2017-12-31;2018-01-03;2018-01-06;F;810;d
2018;2;2018-01-07;2018-01-10;2018-01-13;Total;1687;d
2018;2;2018-01-07;2018-01-10;2018-01-13;H;790;d
2018;2;2018-01-07;2018-01-10;2018-01-13;F;897;d
2018;3;2018-01-14;2018-01-17;2018-01-20;Total;1698;d
2018;3;2018-01-14;2018-01-17;2018-01-20;H;815;d
2018;3;2018-01-14;2018-01-17;2018-01-20;F;883;d
2018;4;2018-01-21;2018-01-24;2018-01-27;Total;1618;d
2018;4;2018-01-21;2018-01-24;2018-01-27;H;768;d
2018;4;2018-01-21;2018-01-24;2018-01-27;F;850;d
2018;5;2018-01-28;2018-01-31;2018-02-03;Total;1620;d
2018;5;2018-01-28;2018-01-31;2018-02-03;H;752;d
2018;5;2018-01-28;2018-01-31;2018-02-03;F;868;d
2018;6;2018-02-04;2018-02-07;2018-02-10;Total;1520;d
2018;6;2018-02-04;2018-02-07;2018-02-10;H;762;d
2018;6;2018-02-04;2018-02-07;2018-02-10;F;758;d
2018;7;2018-02-11;2018-02-14;2018-02-17;Total;1526;d
2018;7;2018-02-11;2018-02-14;2018-02-17;H;762;d
2018;7;2018-02-11;2018-02-14;2018-02-17;F;764;d
2018;8;2018-02-18;2018-02-21;2018-02-24;Total;1522;d
2018;8;2018-02-18;2018-02-21;2018-02-24;H;742;d
2018;8;2018-02-18;2018-02-21;2018-02-24;F;780;d
2018;9;2018-02-25;2018-02-28;2018-03-03;Total;1466;d
2018;9;2018-02-25;2018-02-28;2018-03-03;H;708;d
2018;9;2018-02-25;2018-02-28;2018-03-03;F;758;d
2018;10;2018-03-04;2018-03-07;2018-03-10;Total;1420;d
2018;10;2018-03-04;2018-03-07;2018-03-10;H;665;d
2018;10;2018-03-04;2018-03-07;2018-03-10;F;755;d
2018;11;2018-03-11;2018-03-14;2018-03-17;Total;1343;d
2018;11;2018-03-11;2018-03-14;2018-03-17;H;654;d
2018;11;2018-03-11;2018-03-14;2018-03-17;F;689;d
2018;12;2018-03-18;2018-03-21;2018-03-24;Total;1355;d
2018;12;2018-03-18;2018-03-21;2018-03-24;H;606;d
2018;12;2018-03-18;2018-03-21;2018-03-24;F;749;d
2018;13;2018-03-25;2018-03-28;2018-03-31;Total;1349;d
2018;13;2018-03-25;2018-03-28;2018-03-31;H;644;d
2018;13;2018-03-25;2018-03-28;2018-03-31;F;705;d
2018;14;2018-04-01;2018-04-04;2018-04-07;Total;1332;d
2018;14;2018-04-01;2018-04-04;2018-04-07;H;663;d
2018;14;2018-04-01;2018-04-04;2018-04-07;F;669;d
2018;15;2018-04-08;2018-04-11;2018-04-14;Total;1346;d
2018;15;2018-04-08;2018-04-11;2018-04-14;H;651;d
2018;15;2018-04-08;2018-04-11;2018-04-14;F;695;d
2018;16;2018-04-15;2018-04-18;2018-04-21;Total;1279;d
2018;16;2018-04-15;2018-04-18;2018-04-21;H;606;d
2018;16;2018-04-15;2018-04-18;2018-04-21;F;673;d
2018;17;2018-04-22;2018-04-25;2018-04-28;Total;1356;d
2018;17;2018-04-22;2018-04-25;2018-04-28;H;627;d
2018;17;2018-04-22;2018-04-25;2018-04-28;F;729;d
2018;18;2018-04-29;2018-05-02;2018-05-05;Total;1265;d
2018;18;2018-04-29;2018-05-02;2018-05-05;H;619;d
2018;18;2018-04-29;2018-05-02;2018-05-05;F;646;d
2018;19;2018-05-06;2018-05-09;2018-05-12;Total;1310;d
2018;19;2018-05-06;2018-05-09;2018-05-12;H;659;d
2018;19;2018-05-06;2018-05-09;2018-05-12;F;651;d
2018;20;2018-05-13;2018-05-16;2018-05-19;Total;1269;d
2018;20;2018-05-13;2018-05-16;2018-05-19;H;635;d
2018;20;2018-05-13;2018-05-16;2018-05-19;F;634;d
2018;21;2018-05-20;2018-05-23;2018-05-26;Total;1250;d
2018;21;2018-05-20;2018-05-23;2018-05-26;H;604;d
2018;21;2018-05-20;2018-05-23;2018-05-26;F;646;d
2018;22;2018-05-27;2018-05-30;2018-06-02;Total;1242;d
2018;22;2018-05-27;2018-05-30;2018-06-02;H;644;d
2018;22;2018-05-27;2018-05-30;2018-06-02;F;598;d
2018;23;2018-06-03;2018-06-06;2018-06-09;Total;1187;d
2018;23;2018-06-03;2018-06-06;2018-06-09;H;579;d
2018;23;2018-06-03;2018-06-06;2018-06-09;F;608;d
2018;24;2018-06-10;2018-06-13;2018-06-16;Total;1190;d
2018;24;2018-06-10;2018-06-13;2018-06-16;H;599;d
2018;24;2018-06-10;2018-06-13;2018-06-16;F;591;d
2018;25;2018-06-17;2018-06-20;2018-06-23;Total;1173;d
2018;25;2018-06-17;2018-06-20;2018-06-23;H;591;d
2018;25;2018-06-17;2018-06-20;2018-06-23;F;582;d
2018;26;2018-06-24;2018-06-27;2018-06-30;Total;1142;d
2018;26;2018-06-24;2018-06-27;2018-06-30;H;591;d
2018;26;2018-06-24;2018-06-27;2018-06-30;F;551;d
2018;27;2018-07-01;2018-07-04;2018-07-07;Total;1361;d
2018;27;2018-07-01;2018-07-04;2018-07-07;H;693;d
2018;27;2018-07-01;2018-07-04;2018-07-07;F;668;d
2018;28;2018-07-08;2018-07-11;2018-07-14;Total;1207;d
2018;28;2018-07-08;2018-07-11;2018-07-14;H;602;d
2018;28;2018-07-08;2018-07-11;2018-07-14;F;605;d
2018;29;2018-07-15;2018-07-18;2018-07-21;Total;1135;d
2018;29;2018-07-15;2018-07-18;2018-07-21;H;565;d
2018;29;2018-07-15;2018-07-18;2018-07-21;F;570;d
2018;30;2018-07-22;2018-07-25;2018-07-28;Total;1160;d
2018;30;2018-07-22;2018-07-25;2018-07-28;H;606;d
2018;30;2018-07-22;2018-07-25;2018-07-28;F;554;d
2018;31;2018-07-29;2018-08-01;2018-08-04;Total;1228;d
2018;31;2018-07-29;2018-08-01;2018-08-04;H;612;d
2018;31;2018-07-29;2018-08-01;2018-08-04;F;616;d
2018;32;2018-08-05;2018-08-08;2018-08-11;Total;1161;d
2018;32;2018-08-05;2018-08-08;2018-08-11;H;581;d
2018;32;2018-08-05;2018-08-08;2018-08-11;F;580;d
2018;33;2018-08-12;2018-08-15;2018-08-18;Total;1177;d
2018;33;2018-08-12;2018-08-15;2018-08-18;H;613;d
2018;33;2018-08-12;2018-08-15;2018-08-18;F;564;d
2018;34;2018-08-19;2018-08-22;2018-08-25;Total;1198;d
2018;34;2018-08-19;2018-08-22;2018-08-25;H;600;d
2018;34;2018-08-19;2018-08-22;2018-08-25;F;598;d
2018;35;2018-08-26;2018-08-29;2018-09-01;Total;1102;d
2018;35;2018-08-26;2018-08-29;2018-09-01;H;554;d
2018;35;2018-08-26;2018-08-29;2018-09-01;F;548;d
2018;36;2018-09-02;2018-09-05;2018-09-08;Total;1168;d
2018;36;2018-09-02;2018-09-05;2018-09-08;H;596;d
2018;36;2018-09-02;2018-09-05;2018-09-08;F;572;d
2018;37;2018-09-09;2018-09-12;2018-09-15;Total;1165;d
2018;37;2018-09-09;2018-09-12;2018-09-15;H;573;d
2018;37;2018-09-09;2018-09-12;2018-09-15;F;592;d
2018;38;2018-09-16;2018-09-19;2018-09-22;Total;1226;d
2018;38;2018-09-16;2018-09-19;2018-09-22;H;621;d
2018;38;2018-09-16;2018-09-19;2018-09-22;F;605;d
2018;39;2018-09-23;2018-09-26;2018-09-29;Total;1273;d
2018;39;2018-09-23;2018-09-26;2018-09-29;H;648;d
2018;39;2018-09-23;2018-09-26;2018-09-29;F;625;d
2018;40;2018-09-30;2018-10-03;2018-10-06;Total;1254;d
2018;40;2018-09-30;2018-10-03;2018-10-06;H;650;d
2018;40;2018-09-30;2018-10-03;2018-10-06;F;604;d
2018;41;2018-10-07;2018-10-10;2018-10-13;Total;1288;d
2018;41;2018-10-07;2018-10-10;2018-10-13;H;639;d
2018;41;2018-10-07;2018-10-10;2018-10-13;F;649;d
2018;42;2018-10-14;2018-10-17;2018-10-20;Total;1262;d
2018;42;2018-10-14;2018-10-17;2018-10-20;H;616;d
2018;42;2018-10-14;2018-10-17;2018-10-20;F;646;d
2018;43;2018-10-21;2018-10-24;2018-10-27;Total;1367;d
2018;43;2018-10-21;2018-10-24;2018-10-27;H;681;d
2018;43;2018-10-21;2018-10-24;2018-10-27;F;686;d
2018;44;2018-10-28;2018-10-31;2018-11-03;Total;1316;d
2018;44;2018-10-28;2018-10-31;2018-11-03;H;667;d
2018;44;2018-10-28;2018-10-31;2018-11-03;F;649;d
2018;45;2018-11-04;2018-11-07;2018-11-10;Total;1316;d
2018;45;2018-11-04;2018-11-07;2018-11-10;H;627;d
2018;45;2018-11-04;2018-11-07;2018-11-10;F;689;d
2018;46;2018-11-11;2018-11-14;2018-11-17;Total;1314;d
2018;46;2018-11-11;2018-11-14;2018-11-17;H;652;d
2018;46;2018-11-11;2018-11-14;2018-11-17;F;662;d
2018;47;2018-11-18;2018-11-21;2018-11-24;Total;1280;d
2018;47;2018-11-18;2018-11-21;2018-11-24;H;641;d
2018;47;2018-11-18;2018-11-21;2018-11-24;F;639;d
2018;48;2018-11-25;2018-11-28;2018-12-01;Total;1234;d
2018;48;2018-11-25;2018-11-28;2018-12-01;H;604;d
2018;48;2018-11-25;2018-11-28;2018-12-01;F;630;d
2018;49;2018-12-02;2018-12-05;2018-12-08;Total;1343;d
2018;49;2018-12-02;2018-12-05;2018-12-08;H;657;d
2018;49;2018-12-02;2018-12-05;2018-12-08;F;686;d
2018;50;2018-12-09;2018-12-12;2018-12-15;Total;1296;d
2018;50;2018-12-09;2018-12-12;2018-12-15;H;633;d
2018;50;2018-12-09;2018-12-12;2018-12-15;F;663;d
2018;51;2018-12-16;2018-12-19;2018-12-22;Total;1340;d
2018;51;2018-12-16;2018-12-19;2018-12-22;H;627;d
2018;51;2018-12-16;2018-12-19;2018-12-22;F;713;d
2018;52;2018-12-23;2018-12-26;2018-12-29;Total;1372;d
2018;52;2018-12-23;2018-12-26;2018-12-29;H;698;d
2018;52;2018-12-23;2018-12-26;2018-12-29;F;674;d
2019;1;2018-12-30;2019-01-02;2019-01-05;Total;1490;d
2019;1;2018-12-30;2019-01-02;2019-01-05;H;716;d
2019;1;2018-12-30;2019-01-02;2019-01-05;F;774;d
2019;2;2019-01-06;2019-01-09;2019-01-12;Total;1452;d
2019;2;2019-01-06;2019-01-09;2019-01-12;H;736;d
2019;2;2019-01-06;2019-01-09;2019-01-12;F;716;d
2019;3;2019-01-13;2019-01-16;2019-01-19;Total;1454;d
2019;3;2019-01-13;2019-01-16;2019-01-19;H;730;d
2019;3;2019-01-13;2019-01-16;2019-01-19;F;724;d
2019;4;2019-01-20;2019-01-23;2019-01-26;Total;1494;d
2019;4;2019-01-20;2019-01-23;2019-01-26;H;722;d
2019;4;2019-01-20;2019-01-23;2019-01-26;F;772;d
2019;5;2019-01-27;2019-01-30;2019-02-02;Total;1374;d
2019;5;2019-01-27;2019-01-30;2019-02-02;H;670;d
2019;5;2019-01-27;2019-01-30;2019-02-02;F;704;d
2019;6;2019-02-03;2019-02-06;2019-02-09;Total;1411;d
2019;6;2019-02-03;2019-02-06;2019-02-09;H;693;d
2019;6;2019-02-03;2019-02-06;2019-02-09;F;718;d
2019;7;2019-02-10;2019-02-13;2019-02-16;Total;1445;d
2019;7;2019-02-10;2019-02-13;2019-02-16;H;706;d
2019;7;2019-02-10;2019-02-13;2019-02-16;F;739;d
2019;8;2019-02-17;2019-02-20;2019-02-23;Total;1332;d
2019;8;2019-02-17;2019-02-20;2019-02-23;H;667;d
2019;8;2019-02-17;2019-02-20;2019-02-23;F;665;d
2019;9;2019-02-24;2019-02-27;2019-03-02;Total;1365;d
2019;9;2019-02-24;2019-02-27;2019-03-02;H;672;d
2019;9;2019-02-24;2019-02-27;2019-03-02;F;693;d
2019;10;2019-03-03;2019-03-06;2019-03-09;Total;1447;d
2019;10;2019-03-03;2019-03-06;2019-03-09;H;680;d
2019;10;2019-03-03;2019-03-06;2019-03-09;F;767;d
2019;11;2019-03-10;2019-03-13;2019-03-16;Total;1380;d
2019;11;2019-03-10;2019-03-13;2019-03-16;H;678;d
2019;11;2019-03-10;2019-03-13;2019-03-16;F;702;d
2019;12;2019-03-17;2019-03-20;2019-03-23;Total;1345;d
2019;12;2019-03-17;2019-03-20;2019-03-23;H;671;d
2019;12;2019-03-17;2019-03-20;2019-03-23;F;674;d
2019;13;2019-03-24;2019-03-27;2019-03-30;Total;1263;d
2019;13;2019-03-24;2019-03-27;2019-03-30;H;618;d
2019;13;2019-03-24;2019-03-27;2019-03-30;F;645;d
2019;14;2019-03-31;2019-04-03;2019-04-06;Total;1271;d
2019;14;2019-03-31;2019-04-03;2019-04-06;H;649;d
2019;14;2019-03-31;2019-04-03;2019-04-06;F;622;d
2019;15;2019-04-07;2019-04-10;2019-04-13;Total;1377;d
2019;15;2019-04-07;2019-04-10;2019-04-13;H;670;d
2019;15;2019-04-07;2019-04-10;2019-04-13;F;707;d
2019;16;2019-04-14;2019-04-17;2019-04-20;Total;1349;d
2019;16;2019-04-14;2019-04-17;2019-04-20;H;679;d
2019;16;2019-04-14;2019-04-17;2019-04-20;F;670;d
2019;17;2019-04-21;2019-04-24;2019-04-27;Total;1291;d
2019;17;2019-04-21;2019-04-24;2019-04-27;H;623;d
2019;17;2019-04-21;2019-04-24;2019-04-27;F;668;d
2019;18;2019-04-28;2019-05-01;2019-05-04;Total;1342;d
2019;18;2019-04-28;2019-05-01;2019-05-04;H;634;d
2019;18;2019-04-28;2019-05-01;2019-05-04;F;708;d
2019;19;2019-05-05;2019-05-08;2019-05-11;Total;1334;d
2019;19;2019-05-05;2019-05-08;2019-05-11;H;658;d
2019;19;2019-05-05;2019-05-08;2019-05-11;F;676;d
2019;20;2019-05-12;2019-05-15;2019-05-18;Total;1312;d
2019;20;2019-05-12;2019-05-15;2019-05-18;H;659;d
2019;20;2019-05-12;2019-05-15;2019-05-18;F;653;d
2019;21;2019-05-19;2019-05-22;2019-05-25;Total;1268;d
2019;21;2019-05-19;2019-05-22;2019-05-25;H;623;d
2019;21;2019-05-19;2019-05-22;2019-05-25;F;645;d
2019;22;2019-05-26;2019-05-29;2019-06-01;Total;1225;d
2019;22;2019-05-26;2019-05-29;2019-06-01;H;606;d
2019;22;2019-05-26;2019-05-29;2019-06-01;F;619;d
2019;23;2019-06-02;2019-06-05;2019-06-08;Total;1194;d
2019;23;2019-06-02;2019-06-05;2019-06-08;H;584;d
2019;23;2019-06-02;2019-06-05;2019-06-08;F;610;d
2019;24;2019-06-09;2019-06-12;2019-06-15;Total;1240;d
2019;24;2019-06-09;2019-06-12;2019-06-15;H;650;d
2019;24;2019-06-09;2019-06-12;2019-06-15;F;590;d
2019;25;2019-06-16;2019-06-19;2019-06-22;Total;1165;d
2019;25;2019-06-16;2019-06-19;2019-06-22;H;584;d
2019;25;2019-06-16;2019-06-19;2019-06-22;F;581;d
2019;26;2019-06-23;2019-06-26;2019-06-29;Total;1224;d
2019;26;2019-06-23;2019-06-26;2019-06-29;H;618;d
2019;26;2019-06-23;2019-06-26;2019-06-29;F;606;d
2019;27;2019-06-30;2019-07-03;2019-07-06;Total;1235;d
2019;27;2019-06-30;2019-07-03;2019-07-06;H;622;d
2019;27;2019-06-30;2019-07-03;2019-07-06;F;613;d
2019;28;2019-07-07;2019-07-10;2019-07-13;Total;1223;d
2019;28;2019-07-07;2019-07-10;2019-07-13;H;636;d
2019;28;2019-07-07;2019-07-10;2019-07-13;F;587;d
2019;29;2019-07-14;2019-07-17;2019-07-20;Total;1239;d
2019;29;2019-07-14;2019-07-17;2019-07-20;H;620;d
2019;29;2019-07-14;2019-07-17;2019-07-20;F;619;d
2019;30;2019-07-21;2019-07-24;2019-07-27;Total;1193;d
2019;30;2019-07-21;2019-07-24;2019-07-27;H;626;d
2019;30;2019-07-21;2019-07-24;2019-07-27;F;567;d
2019;31;2019-07-28;2019-07-31;2019-08-03;Total;1099;d
2019;31;2019-07-28;2019-07-31;2019-08-03;H;570;d
2019;31;2019-07-28;2019-07-31;2019-08-03;F;529;d
2019;32;2019-08-04;2019-08-07;2019-08-10;Total;1163;d
2019;32;2019-08-04;2019-08-07;2019-08-10;H;585;d
2019;32;2019-08-04;2019-08-07;2019-08-10;F;578;d
2019;33;2019-08-11;2019-08-14;2019-08-17;Total;1155;d
2019;33;2019-08-11;2019-08-14;2019-08-17;H;576;d
2019;33;2019-08-11;2019-08-14;2019-08-17;F;579;d
2019;34;2019-08-18;2019-08-21;2019-08-24;Total;1113;d
2019;34;2019-08-18;2019-08-21;2019-08-24;H;589;d
2019;34;2019-08-18;2019-08-21;2019-08-24;F;524;d
2019;35;2019-08-25;2019-08-28;2019-08-31;Total;1158;d
2019;35;2019-08-25;2019-08-28;2019-08-31;H;576;d
2019;35;2019-08-25;2019-08-28;2019-08-31;F;582;d
2019;36;2019-09-01;2019-09-04;2019-09-07;Total;1190;d
2019;36;2019-09-01;2019-09-04;2019-09-07;H;616;d
2019;36;2019-09-01;2019-09-04;2019-09-07;F;574;d
2019;37;2019-09-08;2019-09-11;2019-09-14;Total;1167;d
2019;37;2019-09-08;2019-09-11;2019-09-14;H;582;d
2019;37;2019-09-08;2019-09-11;2019-09-14;F;585;d
2019;38;2019-09-15;2019-09-18;2019-09-21;Total;1196;d
2019;38;2019-09-15;2019-09-18;2019-09-21;H;606;d
2019;38;2019-09-15;2019-09-18;2019-09-21;F;590;d
2019;39;2019-09-22;2019-09-25;2019-09-28;Total;1263;d
2019;39;2019-09-22;2019-09-25;2019-09-28;H;625;d
2019;39;2019-09-22;2019-09-25;2019-09-28;F;638;d
2019;40;2019-09-29;2019-10-02;2019-10-05;Total;1280;d
2019;40;2019-09-29;2019-10-02;2019-10-05;H;613;d
2019;40;2019-09-29;2019-10-02;2019-10-05;F;667;d
2019;41;2019-10-06;2019-10-09;2019-10-12;Total;1244;d
2019;41;2019-10-06;2019-10-09;2019-10-12;H;634;d
2019;41;2019-10-06;2019-10-09;2019-10-12;F;610;d
2019;42;2019-10-13;2019-10-16;2019-10-19;Total;1359;d
2019;42;2019-10-13;2019-10-16;2019-10-19;H;679;d
2019;42;2019-10-13;2019-10-16;2019-10-19;F;680;d
2019;43;2019-10-20;2019-10-23;2019-10-26;Total;1325;d
2019;43;2019-10-20;2019-10-23;2019-10-26;H;654;d
2019;43;2019-10-20;2019-10-23;2019-10-26;F;671;d
2019;44;2019-10-27;2019-10-30;2019-11-02;Total;1278;d
2019;44;2019-10-27;2019-10-30;2019-11-02;H;628;d
2019;44;2019-10-27;2019-10-30;2019-11-02;F;650;d
2019;45;2019-11-03;2019-11-06;2019-11-09;Total;1302;d
2019;45;2019-11-03;2019-11-06;2019-11-09;H;669;d
2019;45;2019-11-03;2019-11-06;2019-11-09;F;633;d
2019;46;2019-11-10;2019-11-13;2019-11-16;Total;1323;d
2019;46;2019-11-10;2019-11-13;2019-11-16;H;669;d
2019;46;2019-11-10;2019-11-13;2019-11-16;F;654;d
2019;47;2019-11-17;2019-11-20;2019-11-23;Total;1310;d
2019;47;2019-11-17;2019-11-20;2019-11-23;H;653;d
2019;47;2019-11-17;2019-11-20;2019-11-23;F;657;d
2019;48;2019-11-24;2019-11-27;2019-11-30;Total;1298;d
2019;48;2019-11-24;2019-11-27;2019-11-30;H;637;d
2019;48;2019-11-24;2019-11-27;2019-11-30;F;661;d
2019;49;2019-12-01;2019-12-04;2019-12-07;Total;1390;d
2019;49;2019-12-01;2019-12-04;2019-12-07;H;719;d
2019;49;2019-12-01;2019-12-04;2019-12-07;F;671;d
2019;50;2019-12-08;2019-12-11;2019-12-14;Total;1297;d
2019;50;2019-12-08;2019-12-11;2019-12-14;H;628;d
2019;50;2019-12-08;2019-12-11;2019-12-14;F;669;d
2019;51;2019-12-15;2019-12-18;2019-12-21;Total;1337;d
2019;51;2019-12-15;2019-12-18;2019-12-21;H;644;d
2019;51;2019-12-15;2019-12-18;2019-12-21;F;693;d
2019;52;2019-12-22;2019-12-25;2019-12-28;Total;1403;d
2019;52;2019-12-22;2019-12-25;2019-12-28;H;702;d
2019;52;2019-12-22;2019-12-25;2019-12-28;F;701;d
2020;1;2019-12-29;2020-01-01;2020-01-04;Total;1470;p
2020;1;2019-12-29;2020-01-01;2020-01-04;H;735;p
2020;1;2019-12-29;2020-01-01;2020-01-04;F;740;p
2020;2;2020-01-05;2020-01-08;2020-01-11;Total;1500;p
2020;2;2020-01-05;2020-01-08;2020-01-11;H;705;p
2020;2;2020-01-05;2020-01-08;2020-01-11;F;795;p
2020;3;2020-01-12;2020-01-15;2020-01-18;Total;1480;p
2020;3;2020-01-12;2020-01-15;2020-01-18;H;715;p
2020;3;2020-01-12;2020-01-15;2020-01-18;F;765;p
2020;4;2020-01-19;2020-01-22;2020-01-25;Total;1505;p
2020;4;2020-01-19;2020-01-22;2020-01-25;H;760;p
2020;4;2020-01-19;2020-01-22;2020-01-25;F;740;p
2020;5;2020-01-26;2020-01-29;2020-02-01;Total;1440;p
2020;5;2020-01-26;2020-01-29;2020-02-01;H;735;p
2020;5;2020-01-26;2020-01-29;2020-02-01;F;705;p
2020;6;2020-02-02;2020-02-05;2020-02-08;Total;1490;p
2020;6;2020-02-02;2020-02-05;2020-02-08;H;750;p
2020;6;2020-02-02;2020-02-05;2020-02-08;F;740;p
2020;7;2020-02-09;2020-02-12;2020-02-15;Total;1390;p
2020;7;2020-02-09;2020-02-12;2020-02-15;H;680;p
2020;7;2020-02-09;2020-02-12;2020-02-15;F;710;p
2020;8;2020-02-16;2020-02-19;2020-02-22;Total;1365;p
2020;8;2020-02-16;2020-02-19;2020-02-22;H;665;p
2020;8;2020-02-16;2020-02-19;2020-02-22;F;700;p
2020;9;2020-02-23;2020-02-26;2020-02-29;Total;1480;p
2020;9;2020-02-23;2020-02-26;2020-02-29;H;760;p
2020;9;2020-02-23;2020-02-26;2020-02-29;F;720;p
2020;10;2020-03-01;2020-03-04;2020-03-07;Total;1385;p
2020;10;2020-03-01;2020-03-04;2020-03-07;H;690;p
2020;10;2020-03-01;2020-03-04;2020-03-07;F;695;p
2020;11;2020-03-08;2020-03-11;2020-03-14;Total;1370;p
2020;11;2020-03-08;2020-03-11;2020-03-14;H;665;p
2020;11;2020-03-08;2020-03-11;2020-03-14;F;705;p
2020;12;2020-03-15;2020-03-18;2020-03-21;Total;1370;p
2020;12;2020-03-15;2020-03-18;2020-03-21;H;670;p
2020;12;2020-03-15;2020-03-18;2020-03-21;F;700;p
2020;13;2020-03-22;2020-03-25;2020-03-28;Total;1495;p
2020;13;2020-03-22;2020-03-25;2020-03-28;H;755;p
2020;13;2020-03-22;2020-03-25;2020-03-28;F;740;p
2020;14;2020-03-29;2020-04-01;2020-04-04;Total;1525;p
2020;14;2020-03-29;2020-04-01;2020-04-04;H;755;p
2020;14;2020-03-29;2020-04-01;2020-04-04;F;770;p
2020;15;2020-04-05;2020-04-08;2020-04-11;Total;1760;p
2020;15;2020-04-05;2020-04-08;2020-04-11;H;830;p
2020;15;2020-04-05;2020-04-08;2020-04-11;F;930;p
2020;16;2020-04-12;2020-04-15;2020-04-18;Total;1855;p
2020;16;2020-04-12;2020-04-15;2020-04-18;H;860;p
2020;16;2020-04-12;2020-04-15;2020-04-18;F;990;p
2020;17;2020-04-19;2020-04-22;2020-04-25;Total;2015;p
2020;17;2020-04-19;2020-04-22;2020-04-25;H;950;p
2020;17;2020-04-19;2020-04-22;2020-04-25;F;1065;p
2020;18;2020-04-26;2020-04-29;2020-05-02;Total;2055;p
2020;18;2020-04-26;2020-04-29;2020-05-02;H;950;p
2020;18;2020-04-26;2020-04-29;2020-05-02;F;1110;p
2020;19;2020-05-03;2020-05-06;2020-05-09;Total;1880;p
2020;19;2020-05-03;2020-05-06;2020-05-09;H;905;p
2020;19;2020-05-03;2020-05-06;2020-05-09;F;975;p
2020;20;2020-05-10;2020-05-13;2020-05-16;Total;1680;p
2020;20;2020-05-10;2020-05-13;2020-05-16;H;790;p
2020;20;2020-05-10;2020-05-13;2020-05-16;F;890;p
2020;21;2020-05-17;2020-05-20;2020-05-23;Total;1605;p
2020;21;2020-05-17;2020-05-20;2020-05-23;H;795;p
2020;21;2020-05-17;2020-05-20;2020-05-23;F;810;p
2020;22;2020-05-24;2020-05-27;2020-05-30;Total;1690;p
2020;22;2020-05-24;2020-05-27;2020-05-30;H;830;p
2020;22;2020-05-24;2020-05-27;2020-05-30;F;860;p
2020;23;2020-05-31;2020-06-03;2020-06-06;Total;1375;p
2020;23;2020-05-31;2020-06-03;2020-06-06;H;640;p
2020;23;2020-05-31;2020-06-03;2020-06-06;F;735;p
2020;24;2020-06-07;2020-06-10;2020-06-13;Total;1230;p
2020;24;2020-06-07;2020-06-10;2020-06-13;H;625;p
2020;24;2020-06-07;2020-06-10;2020-06-13;F;600;p
2020;25;2020-06-14;2020-06-17;2020-06-20;Total;1240;p
2020;25;2020-06-14;2020-06-17;2020-06-20;H;630;p
2020;25;2020-06-14;2020-06-17;2020-06-20;F;610;p
2020;26;2020-06-21;2020-06-24;2020-06-27;Total;1225;p
2020;26;2020-06-21;2020-06-24;2020-06-27;H;640;p
2020;26;2020-06-21;2020-06-24;2020-06-27;F;585;p
2020;27;2020-06-28;2020-07-01;2020-07-04;Total;1120;p
2020;27;2020-06-28;2020-07-01;2020-07-04;H;595;p
2020;27;2020-06-28;2020-07-01;2020-07-04;F;525;p
2020;28;2020-07-05;2020-07-08;2020-07-11;Total;1245;p
2020;28;2020-07-05;2020-07-08;2020-07-11;H;630;p
2020;28;2020-07-05;2020-07-08;2020-07-11;F;615;p
2020;29;2020-07-12;2020-07-15;2020-07-18;Total;1165;p
2020;29;2020-07-12;2020-07-15;2020-07-18;H;575;p
2020;29;2020-07-12;2020-07-15;2020-07-18;F;585;p
2020;30;2020-07-19;2020-07-22;2020-07-25;Total;1140;p
2020;30;2020-07-19;2020-07-22;2020-07-25;H;590;p
2020;30;2020-07-19;2020-07-22;2020-07-25;F;550;p
2020;31;2020-07-26;2020-07-29;2020-08-01;Total;1155;p
2020;31;2020-07-26;2020-07-29;2020-08-01;H;615;p
2020;31;2020-07-26;2020-07-29;2020-08-01;F;540;p
2020;32;2020-08-02;2020-08-05;2020-08-08;Total;1225;p
2020;32;2020-08-02;2020-08-05;2020-08-08;H;570;p
2020;32;2020-08-02;2020-08-05;2020-08-08;F;660;p
2020;33;2020-08-09;2020-08-12;2020-08-15;Total;1195;p
2020;33;2020-08-09;2020-08-12;2020-08-15;H;590;p
2020;33;2020-08-09;2020-08-12;2020-08-15;F;610;p
2020;34;2020-08-16;2020-08-19;2020-08-22;Total;1150;p
2020;34;2020-08-16;2020-08-19;2020-08-22;H;595;p
2020;34;2020-08-16;2020-08-19;2020-08-22;F;560;p
2020;35;2020-08-23;2020-08-26;2020-08-29;Total;1240;p
2020;35;2020-08-23;2020-08-26;2020-08-29;H;615;p
2020;35;2020-08-23;2020-08-26;2020-08-29;F;625;p
2020;36;2020-08-30;2020-09-02;2020-09-05;Total;1205;p
2020;36;2020-08-30;2020-09-02;2020-09-05;H;650;p
2020;36;2020-08-30;2020-09-02;2020-09-05;F;550;p
2020;37;2020-09-06;2020-09-09;2020-09-12;Total;1180;p
2020;37;2020-09-06;2020-09-09;2020-09-12;H;605;p
2020;37;2020-09-06;2020-09-09;2020-09-12;F;575;p
2020;38;2020-09-13;2020-09-16;2020-09-19;Total;1265;p
2020;38;2020-09-13;2020-09-16;2020-09-19;H;635;p
2020;38;2020-09-13;2020-09-16;2020-09-19;F;630;p
2020;39;2020-09-20;2020-09-23;2020-09-26;Total;1335;p
2020;39;2020-09-20;2020-09-23;2020-09-26;H;695;p
2020;39;2020-09-20;2020-09-23;2020-09-26;F;640;p
2020;40;2020-09-27;2020-09-30;2020-10-03;Total;1320;p
2020;40;2020-09-27;2020-09-30;2020-10-03;H;675;p
2020;40;2020-09-27;2020-09-30;2020-10-03;F;640;p
2020;41;2020-10-04;2020-10-07;2020-10-10;Total;1405;p
2020;41;2020-10-04;2020-10-07;2020-10-10;H;690;p
2020;41;2020-10-04;2020-10-07;2020-10-10;F;715;p
2020;42;2020-10-11;2020-10-14;2020-10-17;Total;1325;p
2020;42;2020-10-11;2020-10-14;2020-10-17;H;665;p
2020;42;2020-10-11;2020-10-14;2020-10-17;F;660;p
2020;43;2020-10-18;2020-10-21;2020-10-24;Total;1310;p
2020;43;2020-10-18;2020-10-21;2020-10-24;H;650;p
2020;43;2020-10-18;2020-10-21;2020-10-24;F;660;p
2020;44;2020-10-25;2020-10-28;2020-10-31;Total;1390;p
2020;44;2020-10-25;2020-10-28;2020-10-31;H;720;p
2020;44;2020-10-25;2020-10-28;2020-10-31;F;665;p
2020;45;2020-11-01;2020-11-04;2020-11-07;Total;1445;p
2020;45;2020-11-01;2020-11-04;2020-11-07;H;735;p
2020;45;2020-11-01;2020-11-04;2020-11-07;F;710;p
2020;46;2020-11-08;2020-11-11;2020-11-14;Total;1465;p
2020;46;2020-11-08;2020-11-11;2020-11-14;H;730;p
2020;46;2020-11-08;2020-11-11;2020-11-14;F;735;p
2020;47;2020-11-15;2020-11-18;2020-11-21;Total;1370;p
2020;47;2020-11-15;2020-11-18;2020-11-21;H;700;p
2020;47;2020-11-15;2020-11-18;2020-11-21;F;670;p
2020;48;2020-11-22;2020-11-25;2020-11-28;Total;1480;p
2020;48;2020-11-22;2020-11-25;2020-11-28;H;755;p
2020;48;2020-11-22;2020-11-25;2020-11-28;F;720;p
2020;49;2020-11-29;2020-12-02;2020-12-05;Total;1495;p
2020;49;2020-11-29;2020-12-02;2020-12-05;H;745;p
2020;49;2020-11-29;2020-12-02;2020-12-05;F;755;p
2020;50;2020-12-06;2020-12-09;2020-12-12;Total;1485;p
2020;50;2020-12-06;2020-12-09;2020-12-12;H;740;p
2020;50;2020-12-06;2020-12-09;2020-12-12;F;745;p
2020;51;2020-12-13;2020-12-16;2020-12-19;Total;1525;p
2020;51;2020-12-13;2020-12-16;2020-12-19;H;785;p
2020;51;2020-12-13;2020-12-16;2020-12-19;F;740;p
2020;52;2020-12-20;2020-12-23;2020-12-26;Total;1565;p
2020;52;2020-12-20;2020-12-23;2020-12-26;H;765;p
2020;52;2020-12-20;2020-12-23;2020-12-26;F;800;p
2020;53;2020-12-27;2020-12-30;2021-01-02;Total;1545;p
2020;53;2020-12-27;2020-12-30;2021-01-02;H;770;p
2020;53;2020-12-27;2020-12-30;2021-01-02;F;770;p
2021;1;2021-01-03;2021-01-06;2021-01-09;Total;1690;p
2021;1;2021-01-03;2021-01-06;2021-01-09;H;850;p
2021;1;2021-01-03;2021-01-06;2021-01-09;F;840;p
2021;2;2021-01-10;2021-01-13;2021-01-16;Total;1640;p
2021;2;2021-01-10;2021-01-13;2021-01-16;H;805;p
2021;2;2021-01-10;2021-01-13;2021-01-16;F;835;p
2021;3;2021-01-17;2021-01-20;2021-01-23;Total;1565;p
2021;3;2021-01-17;2021-01-20;2021-01-23;H;780;p
2021;3;2021-01-17;2021-01-20;2021-01-23;F;780;p
2021;4;2021-01-24;2021-01-27;2021-01-30;Total;1505;p
2021;4;2021-01-24;2021-01-27;2021-01-30;H;805;p
2021;4;2021-01-24;2021-01-27;2021-01-30;F;705;p
2021;5;2021-01-31;2021-02-03;2021-02-06;Total;1590;p
2021;5;2021-01-31;2021-02-03;2021-02-06;H;785;p
2021;5;2021-01-31;2021-02-03;2021-02-06;F;800;p
2021;6;2021-02-07;2021-02-10;2021-02-13;Total;1390;p
2021;6;2021-02-07;2021-02-10;2021-02-13;H;730;p
2021;6;2021-02-07;2021-02-10;2021-02-13;F;660;p
2021;7;2021-02-14;2021-02-17;2021-02-20;Total;1395;p
2021;7;2021-02-14;2021-02-17;2021-02-20;H;720;p
2021;7;2021-02-14;2021-02-17;2021-02-20;F;675;p
2021;8;2021-02-21;2021-02-24;2021-02-27;Total;1355;p
2021;8;2021-02-21;2021-02-24;2021-02-27;H;675;p
2021;8;2021-02-21;2021-02-24;2021-02-27;F;680;p
2021;9;2021-02-28;2021-03-03;2021-03-06;Total;1330;p
2021;9;2021-02-28;2021-03-03;2021-03-06;H;700;p
2021;9;2021-02-28;2021-03-03;2021-03-06;F;635;p
2021;10;2021-03-07;2021-03-10;2021-03-13;Total;1285;p
2021;10;2021-03-07;2021-03-10;2021-03-13;H;625;p
2021;10;2021-03-07;2021-03-10;2021-03-13;F;660;p
2021;11;2021-03-14;2021-03-17;2021-03-20;Total;1325;p
2021;11;2021-03-14;2021-03-17;2021-03-20;H;655;p
2021;11;2021-03-14;2021-03-17;2021-03-20;F;670;p
2021;12;2021-03-21;2021-03-24;2021-03-27;Total;1265;p
2021;12;2021-03-21;2021-03-24;2021-03-27;H;610;p
2021;12;2021-03-21;2021-03-24;2021-03-27;F;655;p
2021;13;2021-03-28;2021-03-31;2021-04-03;Total;1295;p
2021;13;2021-03-28;2021-03-31;2021-04-03;H;685;p
2021;13;2021-03-28;2021-03-31;2021-04-03;F;610;p
2021;14;2021-04-04;2021-04-07;2021-04-10;Total;1350;p
2021;14;2021-04-04;2021-04-07;2021-04-10;H;715;p
2021;14;2021-04-04;2021-04-07;2021-04-10;F;635;p
2021;15;2021-04-11;2021-04-14;2021-04-17;Total;1320;p
2021;15;2021-04-11;2021-04-14;2021-04-17;H;690;p
2021;15;2021-04-11;2021-04-14;2021-04-17;F;630;p
2021;16;2021-04-18;2021-04-21;2021-04-24;Total;1290;p
2021;16;2021-04-18;2021-04-21;2021-04-24;H;695;p
2021;16;2021-04-18;2021-04-21;2021-04-24;F;595;p
2021;17;2021-04-25;2021-04-28;2021-05-01;Total;1295;p
2021;17;2021-04-25;2021-04-28;2021-05-01;H;630;p
2021;17;2021-04-25;2021-04-28;2021-05-01;F;665;p
2021;18;2021-05-02;2021-05-05;2021-05-08;Total;1290;p
2021;18;2021-05-02;2021-05-05;2021-05-08;H;670;p
2021;18;2021-05-02;2021-05-05;2021-05-08;F;620;p
2021;19;2021-05-09;2021-05-12;2021-05-15;Total;1265;p
2021;19;2021-05-09;2021-05-12;2021-05-15;H;665;p
2021;19;2021-05-09;2021-05-12;2021-05-15;F;605;p
2021;20;2021-05-16;2021-05-19;2021-05-22;Total;1305;p
2021;20;2021-05-16;2021-05-19;2021-05-22;H;660;p
2021;20;2021-05-16;2021-05-19;2021-05-22;F;645;p
2021;21;2021-05-23;2021-05-26;2021-05-29;Total;1175;p
2021;21;2021-05-23;2021-05-26;2021-05-29;H;600;p
2021;21;2021-05-23;2021-05-26;2021-05-29;F;570;p
2021;22;2021-05-30;2021-06-02;2021-06-05;Total;1210;p
2021;22;2021-05-30;2021-06-02;2021-06-05;H;605;p
2021;22;2021-05-30;2021-06-02;2021-06-05;F;600;p
2021;23;2021-06-06;2021-06-09;2021-06-12;Total;1190;p
2021;23;2021-06-06;2021-06-09;2021-06-12;H;625;p
2021;23;2021-06-06;2021-06-09;2021-06-12;F;560;p
2021;24;2021-06-13;2021-06-16;2021-06-19;Total;1245;p
2021;24;2021-06-13;2021-06-16;2021-06-19;H;640;p
2021;24;2021-06-13;2021-06-16;2021-06-19;F;605;p
2021;25;2021-06-20;2021-06-23;2021-06-26;Total;1210;p
2021;25;2021-06-20;2021-06-23;2021-06-26;H;630;p
2021;25;2021-06-20;2021-06-23;2021-06-26;F;580;p
2021;26;2021-06-27;2021-06-30;2021-07-03;Total;1210;p
2021;26;2021-06-27;2021-06-30;2021-07-03;H;645;p
2021;26;2021-06-27;2021-06-30;2021-07-03;F;565;p
2021;27;2021-07-04;2021-07-07;2021-07-10;Total;1170;p
2021;27;2021-07-04;2021-07-07;2021-07-10;H;595;p
2021;27;2021-07-04;2021-07-07;2021-07-10;F;575;p
2021;28;2021-07-11;2021-07-14;2021-07-17;Total;1240;p
2021;28;2021-07-11;2021-07-14;2021-07-17;H;600;p
2021;28;2021-07-11;2021-07-14;2021-07-17;F;640;p
2021;29;2021-07-18;2021-07-21;2021-07-24;Total;1225;p
2021;29;2021-07-18;2021-07-21;2021-07-24;H;615;p
2021;29;2021-07-18;2021-07-21;2021-07-24;F;610;p
2021;30;2021-07-25;2021-07-28;2021-07-31;Total;1260;p
2021;30;2021-07-25;2021-07-28;2021-07-31;H;615;p
2021;30;2021-07-25;2021-07-28;2021-07-31;F;645;p
2021;31;2021-08-01;2021-08-04;2021-08-07;Total;1260;p
2021;31;2021-08-01;2021-08-04;2021-08-07;H;615;p
2021;31;2021-08-01;2021-08-04;2021-08-07;F;645;p
2021;32;2021-08-08;2021-08-11;2021-08-14;Total;1210;p
2021;32;2021-08-08;2021-08-11;2021-08-14;H;635;p
2021;32;2021-08-08;2021-08-11;2021-08-14;F;575;p
2021;33;2021-08-15;2021-08-18;2021-08-21;Total;1315;p
2021;33;2021-08-15;2021-08-18;2021-08-21;H;640;p
2021;33;2021-08-15;2021-08-18;2021-08-21;F;670;p
2021;34;2021-08-22;2021-08-25;2021-08-28;Total;1165;p
2021;34;2021-08-22;2021-08-25;2021-08-28;H;615;p
2021;34;2021-08-22;2021-08-25;2021-08-28;F;550;p
2021;35;2021-08-29;2021-09-01;2021-09-04;Total;1300;p
2021;35;2021-08-29;2021-09-01;2021-09-04;H;645;p
2021;35;2021-08-29;2021-09-01;2021-09-04;F;655;p
2021;36;2021-09-05;2021-09-08;2021-09-11;Total;1330;p
2021;36;2021-09-05;2021-09-08;2021-09-11;H;670;p
2021;36;2021-09-05;2021-09-08;2021-09-11;F;660;p
2021;37;2021-09-12;2021-09-15;2021-09-18;Total;1335;p
2021;37;2021-09-12;2021-09-15;2021-09-18;H;675;p
2021;37;2021-09-12;2021-09-15;2021-09-18;F;660;p
2021;38;2021-09-19;2021-09-22;2021-09-25;Total;1250;p
2021;38;2021-09-19;2021-09-22;2021-09-25;H;630;p
2021;38;2021-09-19;2021-09-22;2021-09-25;F;620;p
2021;39;2021-09-26;2021-09-29;2021-10-02;Total;1280;p
2021;39;2021-09-26;2021-09-29;2021-10-02;H;660;p
2021;39;2021-09-26;2021-09-29;2021-10-02;F;620;p
2021;40;2021-10-03;2021-10-06;2021-10-09;Total;1320;p
2021;40;2021-10-03;2021-10-06;2021-10-09;H;660;p
2021;40;2021-10-03;2021-10-06;2021-10-09;F;665;p
2021;41;2021-10-10;2021-10-13;2021-10-16;Total;1445;p
2021;41;2021-10-10;2021-10-13;2021-10-16;H;750;p
2021;41;2021-10-10;2021-10-13;2021-10-16;F;690;p
2021;42;2021-10-17;2021-10-20;2021-10-23;Total;1335;p
2021;42;2021-10-17;2021-10-20;2021-10-23;H;670;p
2021;42;2021-10-17;2021-10-20;2021-10-23;F;660;p
2021;43;2021-10-24;2021-10-27;2021-10-30;Total;1315;p
2021;43;2021-10-24;2021-10-27;2021-10-30;H;645;p
2021;43;2021-10-24;2021-10-27;2021-10-30;F;670;p
2021;44;2021-10-31;2021-11-03;2021-11-06;Total;1430;p
2021;44;2021-10-31;2021-11-03;2021-11-06;H;685;p
2021;44;2021-10-31;2021-11-03;2021-11-06;F;745;p
2021;45;2021-11-07;2021-11-10;2021-11-13;Total;1425;p
2021;45;2021-11-07;2021-11-10;2021-11-13;H;695;p
2021;45;2021-11-07;2021-11-10;2021-11-13;F;725;p
2021;46;2021-11-14;2021-11-17;2021-11-20;Total;1440;p
2021;46;2021-11-14;2021-11-17;2021-11-20;H;720;p
2021;46;2021-11-14;2021-11-17;2021-11-20;F;720;p
2021;47;2021-11-21;2021-11-24;2021-11-27;Total;1375;p
2021;47;2021-11-21;2021-11-24;2021-11-27;H;665;p
2021;47;2021-11-21;2021-11-24;2021-11-27;F;710;p
2021;48;2021-11-28;2021-12-01;2021-12-04;Total;1410;p
2021;48;2021-11-28;2021-12-01;2021-12-04;H;725;p
2021;48;2021-11-28;2021-12-01;2021-12-04;F;685;p
2021;49;2021-12-05;2021-12-08;2021-12-11;Total;1425;p
2021;49;2021-12-05;2021-12-08;2021-12-11;H;730;p
2021;49;2021-12-05;2021-12-08;2021-12-11;F;695;p
2021;50;2021-12-12;2021-12-15;2021-12-18;Total;1470;p
2021;50;2021-12-12;2021-12-15;2021-12-18;H;710;p
2021;50;2021-12-12;2021-12-15;2021-12-18;F;760;p
2021;51;2021-12-19;2021-12-22;2021-12-25;Total;1480;p
2021;51;2021-12-19;2021-12-22;2021-12-25;H;745;p
2021;51;2021-12-19;2021-12-22;2021-12-25;F;735;p
2021;52;2021-12-26;2021-12-29;2022-01-01;Total;1530;p
2021;52;2021-12-26;2021-12-29;2022-01-01;H;775;p
2021;52;2021-12-26;2021-12-29;2022-01-01;F;755;p
2022;1;2022-01-02;2022-01-05;2022-01-08;Total;1715;p
2022;1;2022-01-02;2022-01-05;2022-01-08;H;845;p
2022;1;2022-01-02;2022-01-05;2022-01-08;F;870;p
2022;2;2022-01-09;2022-01-12;2022-01-15;Total;1910;p
2022;2;2022-01-09;2022-01-12;2022-01-15;H;1005;p
2022;2;2022-01-09;2022-01-12;2022-01-15;F;905;p
2022;3;2022-01-16;2022-01-19;2022-01-22;Total;1990;p
2022;3;2022-01-16;2022-01-19;2022-01-22;H;1010;p
2022;3;2022-01-16;2022-01-19;2022-01-22;F;980;p
2022;4;2022-01-23;2022-01-26;2022-01-29;Total;1855;p
2022;4;2022-01-23;2022-01-26;2022-01-29;H;975;p
2022;4;2022-01-23;2022-01-26;2022-01-29;F;880;p
2022;5;2022-01-30;2022-02-02;2022-02-05;Total;1720;p
2022;5;2022-01-30;2022-02-02;2022-02-05;H;870;p
2022;5;2022-01-30;2022-02-02;2022-02-05;F;850;p
2022;6;2022-02-06;2022-02-09;2022-02-12;Total;1585;p
2022;6;2022-02-06;2022-02-09;2022-02-12;H;830;p
2022;6;2022-02-06;2022-02-09;2022-02-12;F;755;p
2022;7;2022-02-13;2022-02-16;2022-02-19;Total;1460;p
2022;7;2022-02-13;2022-02-16;2022-02-19;H;755;p
2022;7;2022-02-13;2022-02-16;2022-02-19;F;710;p
2022;8;2022-02-20;2022-02-23;2022-02-26;Total;1430;p
2022;8;2022-02-20;2022-02-23;2022-02-26;H;730;p
2022;8;2022-02-20;2022-02-23;2022-02-26;F;700;p
2022;9;2022-02-27;2022-03-02;2022-03-05;Total;1395;p
2022;9;2022-02-27;2022-03-02;2022-03-05;H;730;p
2022;9;2022-02-27;2022-03-02;2022-03-05;F;665;p
2022;10;2022-03-06;2022-03-09;2022-03-12;Total;1370;p
2022;10;2022-03-06;2022-03-09;2022-03-12;H;705;p
2022;10;2022-03-06;2022-03-09;2022-03-12;F;665;p
2022;11;2022-03-13;2022-03-16;2022-03-19;Total;1335;p
2022;11;2022-03-13;2022-03-16;2022-03-19;H;685;p
2022;11;2022-03-13;2022-03-16;2022-03-19;F;650;p
2022;12;2022-03-20;2022-03-23;2022-03-26;Total;1335;p
2022;12;2022-03-20;2022-03-23;2022-03-26;H;630;p
2022;12;2022-03-20;2022-03-23;2022-03-26;F;700;p
2022;13;2022-03-27;2022-03-30;2022-04-02;Total;1345;p
2022;13;2022-03-27;2022-03-30;2022-04-02;H;705;p
2022;13;2022-03-27;2022-03-30;2022-04-02;F;635;p
2022;14;2022-04-03;2022-04-06;2022-04-09;Total;1420;p
2022;14;2022-04-03;2022-04-06;2022-04-09;H;720;p
2022;14;2022-04-03;2022-04-06;2022-04-09;F;705;p
2022;15;2022-04-10;2022-04-13;2022-04-16;Total;1420;p
2022;15;2022-04-10;2022-04-13;2022-04-16;H;715;p
2022;15;2022-04-10;2022-04-13;2022-04-16;F;705;p
2022;16;2022-04-17;2022-04-20;2022-04-23;Total;1435;p
2022;16;2022-04-17;2022-04-20;2022-04-23;H;755;p
2022;16;2022-04-17;2022-04-20;2022-04-23;F;680;p
2022;17;2022-04-24;2022-04-27;2022-04-30;Total;1350;p
2022;17;2022-04-24;2022-04-27;2022-04-30;H;690;p
2022;17;2022-04-24;2022-04-27;2022-04-30;F;660;p
2022;18;2022-05-01;2022-05-04;2022-05-07;Total;1340;p
2022;18;2022-05-01;2022-05-04;2022-05-07;H;635;p
2022;18;2022-05-01;2022-05-04;2022-05-07;F;705;p
2022;19;2022-05-08;2022-05-11;2022-05-14;Total;1495;p
2022;19;2022-05-08;2022-05-11;2022-05-14;H;750;p
2022;19;2022-05-08;2022-05-11;2022-05-14;F;740;p
2022;20;2022-05-15;2022-05-18;2022-05-21;Total;1385;p
2022;20;2022-05-15;2022-05-18;2022-05-21;H;705;p
2022;20;2022-05-15;2022-05-18;2022-05-21;F;680;p
2022;21;2022-05-22;2022-05-25;2022-05-28;Total;1320;p
2022;21;2022-05-22;2022-05-25;2022-05-28;H;655;p
2022;21;2022-05-22;2022-05-25;2022-05-28;F;665;p
2022;22;2022-05-29;2022-06-01;2022-06-04;Total;1205;p
2022;22;2022-05-29;2022-06-01;2022-06-04;H;610;p
2022;22;2022-05-29;2022-06-01;2022-06-04;F;595;p
